String,Count1,Count2,Encoded,Padded,Prob1,Prob2,NonZeroLength
Gx,4548,5452,[1],[1 0 0 0 0 0 0 0 0 0 0 0 0 0 0 0 0 0 0],0.4548,0.5452,1
Gy,4035,5965,[2],[2 0 0 0 0 0 0 0 0 0 0 0 0 0 0 0 0 0 0],0.4035,0.5965,1
(Gi),10000,0,[3],[3 0 0 0 0 0 0 0 0 0 0 0 0 0 0 0 0 0 0],1.0,0.0,1
(Gi)^2,10000,0,"[3, 3]",[3 3 0 0 0 0 0 0 0 0 0 0 0 0 0 0 0 0 0],1.0,0.0,2
Gy(Gi),4051,5949,"[2, 3]",[2 3 0 0 0 0 0 0 0 0 0 0 0 0 0 0 0 0 0],0.4051,0.5949,2
Gx(Gi),4491,5509,"[1, 3]",[1 3 0 0 0 0 0 0 0 0 0 0 0 0 0 0 0 0 0],0.4491,0.5509,2
(Gi)Gy,3999,6001,"[3, 2]",[3 2 0 0 0 0 0 0 0 0 0 0 0 0 0 0 0 0 0],0.3999,0.6001,2
(Gi)Gx,4477,5523,"[3, 1]",[3 1 0 0 0 0 0 0 0 0 0 0 0 0 0 0 0 0 0],0.4477,0.5523,2
GyGy,591,9409,"[2, 2]",[2 2 0 0 0 0 0 0 0 0 0 0 0 0 0 0 0 0 0],0.0591,0.9409,2
GyGx,5033,4967,"[2, 1]",[2 1 0 0 0 0 0 0 0 0 0 0 0 0 0 0 0 0 0],0.5033,0.4967,2
GxGy,5098,4902,"[1, 2]",[1 2 0 0 0 0 0 0 0 0 0 0 0 0 0 0 0 0 0],0.5098,0.4902,2
GxGx,215,9785,"[1, 1]",[1 1 0 0 0 0 0 0 0 0 0 0 0 0 0 0 0 0 0],0.0215,0.9785,2
Gy(Gi)^2,4022,5978,"[2, 3, 3]",[2 3 3 0 0 0 0 0 0 0 0 0 0 0 0 0 0 0 0],0.4022,0.5978,3
Gx(Gy)Gy,5549,4451,"[1, 2, 2]",[1 2 2 0 0 0 0 0 0 0 0 0 0 0 0 0 0 0 0],0.5549,0.4451,3
(Gi)^2Gy,4059,5941,"[3, 3, 2]",[3 3 2 0 0 0 0 0 0 0 0 0 0 0 0 0 0 0 0],0.4059,0.5941,3
(Gi)^2Gx,4444,5556,"[3, 3, 1]",[3 3 1 0 0 0 0 0 0 0 0 0 0 0 0 0 0 0 0],0.4444,0.5556,3
Gy(Gy)Gy,7617,2383,"[2, 2, 2]",[2 2 2 0 0 0 0 0 0 0 0 0 0 0 0 0 0 0 0],0.7617,0.2383,3
Gy(Gy)Gx,5463,4537,"[2, 2, 1]",[2 2 1 0 0 0 0 0 0 0 0 0 0 0 0 0 0 0 0],0.5463,0.4537,3
Gx(Gi)^2,4497,5503,"[1, 3, 3]",[1 3 3 0 0 0 0 0 0 0 0 0 0 0 0 0 0 0 0],0.4497,0.5503,3
Gx(Gy)Gx,236,9764,"[1, 2, 1]",[1 2 1 0 0 0 0 0 0 0 0 0 0 0 0 0 0 0 0],0.0236,0.9764,3
Gy(Gx)Gy,413,9587,"[2, 1, 2]",[2 1 2 0 0 0 0 0 0 0 0 0 0 0 0 0 0 0 0],0.0413,0.9587,3
Gx(Gi)Gx,214,9786,"[1, 3, 1]",[1 3 1 0 0 0 0 0 0 0 0 0 0 0 0 0 0 0 0],0.0214,0.9786,3
(GiGxGx),183,9817,"[3, 1, 1]",[3 1 1 0 0 0 0 0 0 0 0 0 0 0 0 0 0 0 0],0.0183,0.9817,3
GxGx(Gi),195,9805,"[1, 1, 3]",[1 1 3 0 0 0 0 0 0 0 0 0 0 0 0 0 0 0 0],0.0195,0.9805,3
Gy(Gi)Gy,564,9436,"[2, 3, 2]",[2 3 2 0 0 0 0 0 0 0 0 0 0 0 0 0 0 0 0],0.0564,0.9436,3
Gy(Gi)Gx,5164,4836,"[2, 3, 1]",[2 3 1 0 0 0 0 0 0 0 0 0 0 0 0 0 0 0 0],0.5164,0.4836,3
Gx(Gi)Gy,5148,4852,"[1, 3, 2]",[1 3 2 0 0 0 0 0 0 0 0 0 0 0 0 0 0 0 0],0.5148,0.4852,3
Gy(Gx)Gx,5988,4012,"[2, 1, 1]",[2 1 1 0 0 0 0 0 0 0 0 0 0 0 0 0 0 0 0],0.5988,0.4012,3
GxGxGy,5903,4097,"[1, 1, 2]",[1 1 2 0 0 0 0 0 0 0 0 0 0 0 0 0 0 0 0],0.5903,0.4097,3
GxGxGx,6511,3489,"[1, 1, 1]",[1 1 1 0 0 0 0 0 0 0 0 0 0 0 0 0 0 0 0],0.6511,0.3489,3
Gy(Gy)^2Gx,4810,5190,"[2, 2, 2, 1]",[2 2 2 1 0 0 0 0 0 0 0 0 0 0 0 0 0 0 0],0.481,0.519,4
Gy(Gy)^2Gy,8133,1867,"[2, 2, 2, 2]",[2 2 2 2 0 0 0 0 0 0 0 0 0 0 0 0 0 0 0],0.8133,0.1867,4
(GiGyGxGx),5853,4147,"[3, 2, 1, 1]",[3 2 1 1 0 0 0 0 0 0 0 0 0 0 0 0 0 0 0],0.5853,0.4147,4
Gy(GxGy)Gx,6446,3554,"[2, 1, 2, 1]",[2 1 2 1 0 0 0 0 0 0 0 0 0 0 0 0 0 0 0],0.6446,0.3554,4
Gy(GxGy)Gy,6671,3329,"[2, 1, 2, 2]",[2 1 2 2 0 0 0 0 0 0 0 0 0 0 0 0 0 0 0],0.6671,0.3329,4
Gx(Gy)^2Gy,4755,5245,"[1, 2, 2, 2]",[1 2 2 2 0 0 0 0 0 0 0 0 0 0 0 0 0 0 0],0.4755,0.5245,4
(GiGxGyGx),245,9755,"[3, 1, 2, 1]",[3 1 2 1 0 0 0 0 0 0 0 0 0 0 0 0 0 0 0],0.0245,0.9755,4
(GiGyGyGx),5496,4504,"[3, 2, 2, 1]",[3 2 2 1 0 0 0 0 0 0 0 0 0 0 0 0 0 0 0],0.5496,0.4504,4
Gy(GiGxGx),5951,4049,"[2, 3, 1, 1]",[2 3 1 1 0 0 0 0 0 0 0 0 0 0 0 0 0 0 0],0.5951,0.4049,4
(GiGxGx)Gx,6413,3587,"[3, 1, 1, 1]",[3 1 1 1 0 0 0 0 0 0 0 0 0 0 0 0 0 0 0],0.6413,0.3587,4
Gx(GiGxGx),6384,3616,"[1, 3, 1, 1]",[1 3 1 1 0 0 0 0 0 0 0 0 0 0 0 0 0 0 0],0.6384,0.3616,4
(GiGxGx)Gy,5970,4030,"[3, 1, 1, 2]",[3 1 1 2 0 0 0 0 0 0 0 0 0 0 0 0 0 0 0],0.597,0.403,4
(Gi)^4,10000,0,"[3, 3, 3, 3]",[3 3 3 3 0 0 0 0 0 0 0 0 0 0 0 0 0 0 0],1.0,0.0,4
Gx(Gy)^2Gx,293,9707,"[1, 2, 2, 1]",[1 2 2 1 0 0 0 0 0 0 0 0 0 0 0 0 0 0 0],0.0293,0.9707,4
GxGx(Gi)^2,184,9816,"[1, 1, 3, 3]",[1 1 3 3 0 0 0 0 0 0 0 0 0 0 0 0 0 0 0],0.0184,0.9816,4
(GxGy)^2,6353,3647,"[1, 2, 1, 2]",[1 2 1 2 0 0 0 0 0 0 0 0 0 0 0 0 0 0 0],0.6353,0.3647,4
GxGx(Gy)Gx,5800,4200,"[1, 1, 2, 1]",[1 1 2 1 0 0 0 0 0 0 0 0 0 0 0 0 0 0 0],0.58,0.42,4
Gx(Gi)^2Gx,220,9780,"[1, 3, 3, 1]",[1 3 3 1 0 0 0 0 0 0 0 0 0 0 0 0 0 0 0],0.022,0.978,4
GxGx(Gx)Gy,4802,5198,"[1, 1, 1, 2]",[1 1 1 2 0 0 0 0 0 0 0 0 0 0 0 0 0 0 0],0.4802,0.5198,4
Gx(Gi)^2Gy,5020,4980,"[1, 3, 3, 2]",[1 3 3 2 0 0 0 0 0 0 0 0 0 0 0 0 0 0 0],0.502,0.498,4
GxGx(Gx)Gx,9445,555,"[1, 1, 1, 1]",[1 1 1 1 0 0 0 0 0 0 0 0 0 0 0 0 0 0 0],0.9445,0.0555,4
GxGx(Gy)Gy,9268,732,"[1, 1, 2, 2]",[1 1 2 2 0 0 0 0 0 0 0 0 0 0 0 0 0 0 0],0.9268,0.0732,4
Gy(Gi)^2Gx,5107,4893,"[2, 3, 3, 1]",[2 3 3 1 0 0 0 0 0 0 0 0 0 0 0 0 0 0 0],0.5107,0.4893,4
GxGx(Gi)Gy,5907,4093,"[1, 1, 3, 2]",[1 1 3 2 0 0 0 0 0 0 0 0 0 0 0 0 0 0 0],0.5907,0.4093,4
GxGx(Gi)Gx,6497,3503,"[1, 1, 3, 1]",[1 1 3 1 0 0 0 0 0 0 0 0 0 0 0 0 0 0 0],0.6497,0.3503,4
Gy(Gx)^2Gx,4746,5254,"[2, 1, 1, 1]",[2 1 1 1 0 0 0 0 0 0 0 0 0 0 0 0 0 0 0],0.4746,0.5254,4
Gy(Gx)^2Gy,304,9696,"[2, 1, 1, 2]",[2 1 1 2 0 0 0 0 0 0 0 0 0 0 0 0 0 0 0],0.0304,0.9696,4
Gy(Gi)^2Gy,586,9414,"[2, 3, 3, 2]",[2 3 3 2 0 0 0 0 0 0 0 0 0 0 0 0 0 0 0],0.0586,0.9414,4
Gy(GxGy)^2,5505,4495,"[2, 1, 2, 1, 2]",[2 1 2 1 2 0 0 0 0 0 0 0 0 0 0 0 0 0 0],0.5505,0.4495,5
Gx(GxGy)^2,9257,743,"[1, 1, 2, 1, 2]",[1 1 2 1 2 0 0 0 0 0 0 0 0 0 0 0 0 0 0],0.9257,0.0743,5
(GxGy)^2Gy,9036,964,"[1, 2, 1, 2, 2]",[1 2 1 2 2 0 0 0 0 0 0 0 0 0 0 0 0 0 0],0.9036,0.0964,5
Gx(GiGxGx)Gx,9426,574,"[1, 3, 1, 1, 1]",[1 3 1 1 1 0 0 0 0 0 0 0 0 0 0 0 0 0 0],0.9426,0.0574,5
Gx(GiGxGx)Gy,4677,5323,"[1, 3, 1, 1, 2]",[1 3 1 1 2 0 0 0 0 0 0 0 0 0 0 0 0 0 0],0.4677,0.5323,5
Gy(GiGxGx)Gx,4663,5337,"[2, 3, 1, 1, 1]",[2 3 1 1 1 0 0 0 0 0 0 0 0 0 0 0 0 0 0],0.4663,0.5337,5
Gy(GiGxGx)Gy,270,9730,"[2, 3, 1, 1, 2]",[2 3 1 1 2 0 0 0 0 0 0 0 0 0 0 0 0 0 0],0.027,0.973,5
(GiGyGxGx)Gy,296,9704,"[3, 2, 1, 1, 2]",[3 2 1 1 2 0 0 0 0 0 0 0 0 0 0 0 0 0 0],0.0296,0.9704,5
(GiGyGyGx)Gx,9233,767,"[3, 2, 2, 1, 1]",[3 2 2 1 1 0 0 0 0 0 0 0 0 0 0 0 0 0 0],0.9233,0.0767,5
Gx(GiGyGxGx),5854,4146,"[1, 3, 2, 1, 1]",[1 3 2 1 1 0 0 0 0 0 0 0 0 0 0 0 0 0 0],0.5854,0.4146,5
Gy(GiGyGyGx),4790,5210,"[2, 3, 2, 2, 1]",[2 3 2 2 1 0 0 0 0 0 0 0 0 0 0 0 0 0 0],0.479,0.521,5
(GiGxGyGx)Gx,5830,4170,"[3, 1, 2, 1, 1]",[3 1 2 1 1 0 0 0 0 0 0 0 0 0 0 0 0 0 0],0.583,0.417,5
(GiGxGyGx)Gy,6326,3674,"[3, 1, 2, 1, 2]",[3 1 2 1 2 0 0 0 0 0 0 0 0 0 0 0 0 0 0],0.6326,0.3674,5
Gx(GiGxGyGx),5886,4114,"[1, 3, 1, 2, 1]",[1 3 1 2 1 0 0 0 0 0 0 0 0 0 0 0 0 0 0],0.5886,0.4114,5
Gy(GiGxGyGx),6305,3695,"[2, 3, 1, 2, 1]",[2 3 1 2 1 0 0 0 0 0 0 0 0 0 0 0 0 0 0],0.6305,0.3695,5
(GxGy)^2Gx,5274,4726,"[1, 2, 1, 2, 1]",[1 2 1 2 1 0 0 0 0 0 0 0 0 0 0 0 0 0 0],0.5274,0.4726,5
(GiGyGxGx)Gx,4714,5286,"[3, 2, 1, 1, 1]",[3 2 1 1 1 0 0 0 0 0 0 0 0 0 0 0 0 0 0],0.4714,0.5286,5
Gy(GxGxGxGy),561,9439,"[2, 1, 1, 1, 2]",[2 1 1 1 2 0 0 0 0 0 0 0 0 0 0 0 0 0 0],0.0561,0.9439,5
Gy(GiGyGxGx),9221,779,"[2, 3, 2, 1, 1]",[2 3 2 1 1 0 0 0 0 0 0 0 0 0 0 0 0 0 0],0.9221,0.0779,5
GxGx(GiGxGx),9439,561,"[1, 1, 3, 1, 1]",[1 1 3 1 1 0 0 0 0 0 0 0 0 0 0 0 0 0 0],0.9439,0.0561,5
(GiGyGyGx)Gy,6677,3323,"[3, 2, 2, 1, 2]",[3 2 2 1 2 0 0 0 0 0 0 0 0 0 0 0 0 0 0],0.6677,0.3323,5
Gx(GiGyGyGx),283,9717,"[1, 3, 2, 2, 1]",[1 3 2 2 1 0 0 0 0 0 0 0 0 0 0 0 0 0 0],0.0283,0.9717,5
GxGx(Gi)^2Gx,6453,3547,"[1, 1, 3, 3, 1]",[1 1 3 3 1 0 0 0 0 0 0 0 0 0 0 0 0 0 0],0.6453,0.3547,5
GxGx(Gx)^2Gy,4153,5847,"[1, 1, 1, 1, 2]",[1 1 1 1 2 0 0 0 0 0 0 0 0 0 0 0 0 0 0],0.4153,0.5847,5
GxGx(Gy)^2Gx,5522,4478,"[1, 1, 2, 2, 1]",[1 1 2 2 1 0 0 0 0 0 0 0 0 0 0 0 0 0 0],0.5522,0.4478,5
GxGx(Gi)^2Gy,5889,4111,"[1, 1, 3, 3, 2]",[1 1 3 3 2 0 0 0 0 0 0 0 0 0 0 0 0 0 0],0.5889,0.4111,5
GxGx(Gy)^2Gy,2446,7554,"[1, 1, 2, 2, 2]",[1 1 2 2 2 0 0 0 0 0 0 0 0 0 0 0 0 0 0],0.2446,0.7554,5
GxGx(GxGy)Gx,9477,523,"[1, 1, 1, 2, 1]",[1 1 1 2 1 0 0 0 0 0 0 0 0 0 0 0 0 0 0],0.9477,0.0523,5
GxGx(Gx)^2Gx,2694,7306,"[1, 1, 1, 1, 1]",[1 1 1 1 1 0 0 0 0 0 0 0 0 0 0 0 0 0 0],0.2694,0.7306,5
(Gy)^4Gx,4718,5282,"[2, 2, 2, 2, 1]",[2 2 2 2 1 0 0 0 0 0 0 0 0 0 0 0 0 0 0],0.4718,0.5282,5
Gy(Gx)^4,4168,5832,"[2, 1, 1, 1, 1]",[2 1 1 1 1 0 0 0 0 0 0 0 0 0 0 0 0 0 0],0.4168,0.5832,5
Gx(Gy)^4,4656,5344,"[1, 2, 2, 2, 2]",[1 2 2 2 2 0 0 0 0 0 0 0 0 0 0 0 0 0 0],0.4656,0.5344,5
GxGx(GxGy)Gy,3718,6282,"[1, 1, 1, 2, 2]",[1 1 1 2 2 0 0 0 0 0 0 0 0 0 0 0 0 0 0],0.3718,0.6282,5
Gy(Gi)^4,4144,5856,"[2, 3, 3, 3, 3]",[2 3 3 3 3 0 0 0 0 0 0 0 0 0 0 0 0 0 0],0.4144,0.5856,5
(Gi)^4Gx,4511,5489,"[3, 3, 3, 3, 1]",[3 3 3 3 1 0 0 0 0 0 0 0 0 0 0 0 0 0 0],0.4511,0.5489,5
(Gi)^4Gy,4010,5990,"[3, 3, 3, 3, 2]",[3 3 3 3 2 0 0 0 0 0 0 0 0 0 0 0 0 0 0],0.401,0.599,5
Gx(Gi)^4,4516,5484,"[1, 3, 3, 3, 3]",[1 3 3 3 3 0 0 0 0 0 0 0 0 0 0 0 0 0 0],0.4516,0.5484,5
(Gy)^4Gy,1236,8764,"[2, 2, 2, 2, 2]",[2 2 2 2 2 0 0 0 0 0 0 0 0 0 0 0 0 0 0],0.1236,0.8764,5
Gx(GiGxGyGx)Gx,3971,6029,"[1, 3, 1, 2, 1, 1]",[1 3 1 2 1 1 0 0 0 0 0 0 0 0 0 0 0 0 0],0.3971,0.6029,6
Gy(GiGxGyGx)Gx,9254,746,"[2, 3, 1, 2, 1, 1]",[2 3 1 2 1 1 0 0 0 0 0 0 0 0 0 0 0 0 0],0.9254,0.0746,6
Gy(GiGxGyGx)Gy,5524,4476,"[2, 3, 1, 2, 1, 2]",[2 3 1 2 1 2 0 0 0 0 0 0 0 0 0 0 0 0 0],0.5524,0.4476,6
GxGx(GiGxGyGx),9478,522,"[1, 1, 3, 1, 2, 1]",[1 1 3 1 2 1 0 0 0 0 0 0 0 0 0 0 0 0 0],0.9478,0.0522,6
Gy(Gy)^4Gx,5430,4570,"[2, 2, 2, 2, 2, 1]",[2 2 2 2 2 1 0 0 0 0 0 0 0 0 0 0 0 0 0],0.543,0.457,6
Gx(GiGyGxGx)Gy,5240,4760,"[1, 3, 2, 1, 1, 2]",[1 3 2 1 1 2 0 0 0 0 0 0 0 0 0 0 0 0 0],0.524,0.476,6
GxGx(GiGyGyGx),5534,4466,"[1, 1, 3, 2, 2, 1]",[1 1 3 2 2 1 0 0 0 0 0 0 0 0 0 0 0 0 0],0.5534,0.4466,6
Gy(GiGyGxGx)Gx,3665,6335,"[2, 3, 2, 1, 1, 1]",[2 3 2 1 1 1 0 0 0 0 0 0 0 0 0 0 0 0 0],0.3665,0.6335,6
Gy(GiGyGxGx)Gy,5931,4069,"[2, 3, 2, 1, 1, 2]",[2 3 2 1 1 2 0 0 0 0 0 0 0 0 0 0 0 0 0],0.5931,0.4069,6
GxGx(GiGyGxGx),3869,6131,"[1, 1, 3, 2, 1, 1]",[1 1 3 2 1 1 0 0 0 0 0 0 0 0 0 0 0 0 0],0.3869,0.6131,6
Gx(GxGxGxGy)Gx,3312,6688,"[1, 1, 1, 1, 2, 1]",[1 1 1 1 2 1 0 0 0 0 0 0 0 0 0 0 0 0 0],0.3312,0.6688,6
Gx(GxGxGxGy)Gy,1020,8980,"[1, 1, 1, 1, 2, 2]",[1 1 1 1 2 2 0 0 0 0 0 0 0 0 0 0 0 0 0],0.102,0.898,6
Gy(GxGxGxGy)Gx,4444,5556,"[2, 1, 1, 1, 2, 1]",[2 1 1 1 2 1 0 0 0 0 0 0 0 0 0 0 0 0 0],0.4444,0.5556,6
Gy(GxGxGxGy)Gy,7048,2952,"[2, 1, 1, 1, 2, 2]",[2 1 1 1 2 2 0 0 0 0 0 0 0 0 0 0 0 0 0],0.7048,0.2952,6
Gx(Gy)^4Gy,5298,4702,"[1, 2, 2, 2, 2, 2]",[1 2 2 2 2 2 0 0 0 0 0 0 0 0 0 0 0 0 0],0.5298,0.4702,6
(GiGxGyGxGx)Gy,5279,4721,"[3, 1, 2, 1, 1, 2]",[3 1 2 1 1 2 0 0 0 0 0 0 0 0 0 0 0 0 0],0.5279,0.4721,6
(GiGxGyGxGx)Gx,9495,505,"[3, 1, 2, 1, 1, 1]",[3 1 2 1 1 1 0 0 0 0 0 0 0 0 0 0 0 0 0],0.9495,0.0505,6
(GiGxGx)^2,9402,598,"[3, 1, 1, 3, 1, 1]",[3 1 1 3 1 1 0 0 0 0 0 0 0 0 0 0 0 0 0],0.9402,0.0598,6
Gx(GiGyGxGx)Gx,9480,520,"[1, 3, 2, 1, 1, 1]",[1 3 2 1 1 1 0 0 0 0 0 0 0 0 0 0 0 0 0],0.948,0.052,6
Gy(GiGyGyGx)Gy,8819,1181,"[2, 3, 2, 2, 1, 2]",[2 3 2 2 1 2 0 0 0 0 0 0 0 0 0 0 0 0 0],0.8819,0.1181,6
Gx(GiGxGyGx)Gy,9221,779,"[1, 3, 1, 2, 1, 2]",[1 3 1 2 1 2 0 0 0 0 0 0 0 0 0 0 0 0 0],0.9221,0.0779,6
Gx(Gi)^4Gx,195,9805,"[1, 3, 3, 3, 3, 1]",[1 3 3 3 3 1 0 0 0 0 0 0 0 0 0 0 0 0 0],0.0195,0.9805,6
Gy(Gy)^4Gy,3375,6625,"[2, 2, 2, 2, 2, 2]",[2 2 2 2 2 2 0 0 0 0 0 0 0 0 0 0 0 0 0],0.3375,0.6625,6
GxGx(Gy)^4,1972,8028,"[1, 1, 2, 2, 2, 2]",[1 1 2 2 2 2 0 0 0 0 0 0 0 0 0 0 0 0 0],0.1972,0.8028,6
Gx(Gy)^4Gx,571,9429,"[1, 2, 2, 2, 2, 1]",[1 2 2 2 2 1 0 0 0 0 0 0 0 0 0 0 0 0 0],0.0571,0.9429,6
Gx(GxGy)^2Gx,3604,6396,"[1, 1, 2, 1, 2, 1]",[1 1 2 1 2 1 0 0 0 0 0 0 0 0 0 0 0 0 0],0.3604,0.6396,6
Gx(GxGy)^2Gy,2586,7414,"[1, 1, 2, 1, 2, 2]",[1 1 2 1 2 2 0 0 0 0 0 0 0 0 0 0 0 0 0],0.2586,0.7414,6
Gy(GiGyGyGx)Gx,2440,7560,"[2, 3, 2, 2, 1, 1]",[2 3 2 2 1 1 0 0 0 0 0 0 0 0 0 0 0 0 0],0.244,0.756,6
Gy(GxGy)^2Gy,3522,6478,"[2, 1, 2, 1, 2, 2]",[2 1 2 1 2 2 0 0 0 0 0 0 0 0 0 0 0 0 0],0.3522,0.6478,6
GxGx(GxGy)^2,2799,7201,"[1, 1, 1, 2, 1, 2]",[1 1 1 2 1 2 0 0 0 0 0 0 0 0 0 0 0 0 0],0.2799,0.7201,6
Gy(Gx)^4Gy,715,9285,"[2, 1, 1, 1, 1, 2]",[2 1 1 1 1 2 0 0 0 0 0 0 0 0 0 0 0 0 0],0.0715,0.9285,6
Gy(Gx)^4Gx,5398,4602,"[2, 1, 1, 1, 1, 1]",[2 1 1 1 1 1 0 0 0 0 0 0 0 0 0 0 0 0 0],0.5398,0.4602,6
Gx(Gx)^4Gy,5333,4667,"[1, 1, 1, 1, 1, 2]",[1 1 1 1 1 2 0 0 0 0 0 0 0 0 0 0 0 0 0],0.5333,0.4667,6
Gx(Gx)^4Gx,1087,8913,"[1, 1, 1, 1, 1, 1]",[1 1 1 1 1 1 0 0 0 0 0 0 0 0 0 0 0 0 0],0.1087,0.8913,6
Gy(GxGy)^2Gx,9236,764,"[2, 1, 2, 1, 2, 1]",[2 1 2 1 2 1 0 0 0 0 0 0 0 0 0 0 0 0 0],0.9236,0.0764,6
Gx(GiGyGyGx)Gy,5748,4252,"[1, 3, 2, 2, 1, 2]",[1 3 2 2 1 2 0 0 0 0 0 0 0 0 0 0 0 0 0],0.5748,0.4252,6
Gx(GiGyGyGx)Gx,5453,4547,"[1, 3, 2, 2, 1, 1]",[1 3 2 2 1 1 0 0 0 0 0 0 0 0 0 0 0 0 0],0.5453,0.4547,6
GxGx(Gi)^4,213,9787,"[1, 1, 3, 3, 3, 3]",[1 1 3 3 3 3 0 0 0 0 0 0 0 0 0 0 0 0 0],0.0213,0.9787,6
Gy(Gi)^4Gy,540,9460,"[2, 3, 3, 3, 3, 2]",[2 3 3 3 3 2 0 0 0 0 0 0 0 0 0 0 0 0 0],0.054,0.946,6
GxGx(GiGxGx)Gx,2788,7212,"[1, 1, 3, 1, 1, 1]",[1 1 3 1 1 1 0 0 0 0 0 0 0 0 0 0 0 0 0],0.2788,0.7212,6
Gx(Gi)^4Gy,5191,4809,"[1, 3, 3, 3, 3, 2]",[1 3 3 3 3 2 0 0 0 0 0 0 0 0 0 0 0 0 0],0.5191,0.4809,6
GxGx(GiGxGx)Gy,4149,5851,"[1, 1, 3, 1, 1, 2]",[1 1 3 1 1 2 0 0 0 0 0 0 0 0 0 0 0 0 0],0.4149,0.5851,6
Gy(Gi)^4Gx,5120,4880,"[2, 3, 3, 3, 3, 1]",[2 3 3 3 3 1 0 0 0 0 0 0 0 0 0 0 0 0 0],0.512,0.488,6
GxGx(GiGxGyGx)Gx,4354,5646,"[1, 1, 3, 1, 2, 1, 1]",[1 1 3 1 2 1 1 0 0 0 0 0 0 0 0 0 0 0 0],0.4354,0.5646,7
Gy(GiGxGyGxGx)Gy,4965,5035,"[2, 3, 1, 2, 1, 1, 2]",[2 3 1 2 1 1 2 0 0 0 0 0 0 0 0 0 0 0 0],0.4965,0.5035,7
Gy(GiGxGyGxGx)Gx,2889,7111,"[2, 3, 1, 2, 1, 1, 1]",[2 3 1 2 1 1 1 0 0 0 0 0 0 0 0 0 0 0 0],0.2889,0.7111,7
Gx(GiGxGyGxGx)Gy,9579,421,"[1, 3, 1, 2, 1, 1, 2]",[1 3 1 2 1 1 2 0 0 0 0 0 0 0 0 0 0 0 0],0.9579,0.0421,7
GxGx(Gy)^4Gx,6084,3916,"[1, 1, 2, 2, 2, 2, 1]",[1 1 2 2 2 2 1 0 0 0 0 0 0 0 0 0 0 0 0],0.6084,0.3916,7
Gy(GiGxGx)^2,4158,5842,"[2, 3, 1, 1, 3, 1, 1]",[2 3 1 1 3 1 1 0 0 0 0 0 0 0 0 0 0 0 0],0.4158,0.5842,7
Gx(GiGxGx)^2,2751,7249,"[1, 3, 1, 1, 3, 1, 1]",[1 3 1 1 3 1 1 0 0 0 0 0 0 0 0 0 0 0 0],0.2751,0.7249,7
GxGx(GiGyGyGx)Gx,731,9269,"[1, 1, 3, 2, 2, 1, 1]",[1 1 3 2 2 1 1 0 0 0 0 0 0 0 0 0 0 0 0],0.0731,0.9269,7
(GiGxGx)^2Gy,4281,5719,"[3, 1, 1, 3, 1, 1, 2]",[3 1 1 3 1 1 2 0 0 0 0 0 0 0 0 0 0 0 0],0.4281,0.5719,7
(GiGxGx)^2Gx,2732,7268,"[3, 1, 1, 3, 1, 1, 1]",[3 1 1 3 1 1 1 0 0 0 0 0 0 0 0 0 0 0 0],0.2732,0.7268,7
Gx(GiGxGyGxGx)Gx,4401,5599,"[1, 3, 1, 2, 1, 1, 1]",[1 3 1 2 1 1 1 0 0 0 0 0 0 0 0 0 0 0 0],0.4401,0.5599,7
GxGx(Gi)^4Gx,6410,3590,"[1, 1, 3, 3, 3, 3, 1]",[1 1 3 3 3 3 1 0 0 0 0 0 0 0 0 0 0 0 0],0.641,0.359,7
GxGx(Gy)^4Gy,8658,1342,"[1, 1, 2, 2, 2, 2, 2]",[1 1 2 2 2 2 2 0 0 0 0 0 0 0 0 0 0 0 0],0.8658,0.1342,7
GxGx(GxGxGxGy)Gx,937,9063,"[1, 1, 1, 1, 1, 2, 1]",[1 1 1 1 1 2 1 0 0 0 0 0 0 0 0 0 0 0 0],0.0937,0.9063,7
GxGx(GiGxGyGx)Gy,2929,7071,"[1, 1, 3, 1, 2, 1, 2]",[1 1 3 1 2 1 2 0 0 0 0 0 0 0 0 0 0 0 0],0.2929,0.7071,7
GxGx(Gi)^4Gy,5902,4098,"[1, 1, 3, 3, 3, 3, 2]",[1 1 3 3 3 3 2 0 0 0 0 0 0 0 0 0 0 0 0],0.5902,0.4098,7
GxGx(Gx)^4Gx,8040,1960,"[1, 1, 1, 1, 1, 1, 1]",[1 1 1 1 1 1 1 0 0 0 0 0 0 0 0 0 0 0 0],0.804,0.196,7
GxGx(GxGy)^2Gy,1518,8482,"[1, 1, 1, 2, 1, 2, 2]",[1 1 1 2 1 2 2 0 0 0 0 0 0 0 0 0 0 0 0],0.1518,0.8482,7
GxGx(GxGy)^2Gx,5019,4981,"[1, 1, 1, 2, 1, 2, 1]",[1 1 1 2 1 2 1 0 0 0 0 0 0 0 0 0 0 0 0],0.5019,0.4981,7
GxGx(GxGxGxGy)Gy,7017,2983,"[1, 1, 1, 1, 1, 2, 2]",[1 1 1 1 1 2 2 0 0 0 0 0 0 0 0 0 0 0 0],0.7017,0.2983,7
GxGx(GiGyGxGx)Gy,9561,439,"[1, 1, 3, 2, 1, 1, 2]",[1 1 3 2 1 1 2 0 0 0 0 0 0 0 0 0 0 0 0],0.9561,0.0439,7
GxGx(GiGyGxGx)Gx,4335,5665,"[1, 1, 3, 2, 1, 1, 1]",[1 1 3 2 1 1 1 0 0 0 0 0 0 0 0 0 0 0 0],0.4335,0.5665,7
GxGx(GiGyGyGx)Gy,3252,6748,"[1, 1, 3, 2, 2, 1, 2]",[1 1 3 2 2 1 2 0 0 0 0 0 0 0 0 0 0 0 0],0.3252,0.6748,7
GxGx(Gx)^4Gy,5790,4210,"[1, 1, 1, 1, 1, 1, 2]",[1 1 1 1 1 1 2 0 0 0 0 0 0 0 0 0 0 0 0],0.579,0.421,7
(GiGxGyGx)^2,9463,537,"[3, 1, 2, 1, 3, 1, 2, 1]",[3 1 2 1 3 1 2 1 0 0 0 0 0 0 0 0 0 0 0],0.9463,0.0537,8
Gy(GiGxGx)^2Gx,5576,4424,"[2, 3, 1, 1, 3, 1, 1, 1]",[2 3 1 1 3 1 1 1 0 0 0 0 0 0 0 0 0 0 0],0.5576,0.4424,8
Gx(GiGxGx)^2Gy,5424,4576,"[1, 3, 1, 1, 3, 1, 1, 2]",[1 3 1 1 3 1 1 2 0 0 0 0 0 0 0 0 0 0 0],0.5424,0.4576,8
Gx(GiGxGx)^2Gx,1084,8916,"[1, 3, 1, 1, 3, 1, 1, 1]",[1 3 1 1 3 1 1 1 0 0 0 0 0 0 0 0 0 0 0],0.1084,0.8916,8
Gy(GiGxGx)^2Gy,760,9240,"[2, 3, 1, 1, 3, 1, 1, 2]",[2 3 1 1 3 1 1 2 0 0 0 0 0 0 0 0 0 0 0],0.076,0.924,8
GxGx(GiGxGx)^2,1099,8901,"[1, 1, 3, 1, 1, 3, 1, 1]",[1 1 3 1 1 3 1 1 0 0 0 0 0 0 0 0 0 0 0],0.1099,0.8901,8
(GxGxGxGy)^2,4568,5432,"[1, 1, 1, 2, 1, 1, 1, 2]",[1 1 1 2 1 1 1 2 0 0 0 0 0 0 0 0 0 0 0],0.4568,0.5432,8
(GiGyGyGx)^2,9179,821,"[3, 2, 2, 1, 3, 2, 2, 1]",[3 2 2 1 3 2 2 1 0 0 0 0 0 0 0 0 0 0 0],0.9179,0.0821,8
(GiGyGxGx)^2,9561,439,"[3, 2, 1, 1, 3, 2, 1, 1]",[3 2 1 1 3 2 1 1 0 0 0 0 0 0 0 0 0 0 0],0.9561,0.0439,8
(GxGy)^4,4224,5776,"[1, 2, 1, 2, 1, 2, 1, 2]",[1 2 1 2 1 2 1 2 0 0 0 0 0 0 0 0 0 0 0],0.4224,0.5776,8
(Gy)^8,4978,5022,"[2, 2, 2, 2, 2, 2, 2, 2]",[2 2 2 2 2 2 2 2 0 0 0 0 0 0 0 0 0 0 0],0.4978,0.5022,8
(Gi)^8,10000,0,"[3, 3, 3, 3, 3, 3, 3, 3]",[3 3 3 3 3 3 3 3 0 0 0 0 0 0 0 0 0 0 0],1.0,0.0,8
(Gx)^8,8200,1800,"[1, 1, 1, 1, 1, 1, 1, 1]",[1 1 1 1 1 1 1 1 0 0 0 0 0 0 0 0 0 0 0],0.82,0.18,8
GxGx(GiGxGyGxGx)Gx,748,9252,"[1, 1, 3, 1, 2, 1, 1, 1]",[1 1 3 1 2 1 1 1 0 0 0 0 0 0 0 0 0 0 0],0.0748,0.9252,8
GxGx(GiGxGyGxGx)Gy,3824,6176,"[1, 1, 3, 1, 2, 1, 1, 2]",[1 1 3 1 2 1 1 2 0 0 0 0 0 0 0 0 0 0 0],0.3824,0.6176,8
(Gy)^8Gx,5033,4967,"[2, 2, 2, 2, 2, 2, 2, 2, 1]",[2 2 2 2 2 2 2 2 1 0 0 0 0 0 0 0 0 0 0],0.5033,0.4967,9
(Gx)^8Gy,4274,5726,"[1, 1, 1, 1, 1, 1, 1, 1, 2]",[1 1 1 1 1 1 1 1 2 0 0 0 0 0 0 0 0 0 0],0.4274,0.5726,9
(Gx)^8Gx,1405,8595,"[1, 1, 1, 1, 1, 1, 1, 1, 1]",[1 1 1 1 1 1 1 1 1 0 0 0 0 0 0 0 0 0 0],0.1405,0.8595,9
Gy(Gi)^8,3940,6060,"[2, 3, 3, 3, 3, 3, 3, 3, 3]",[2 3 3 3 3 3 3 3 3 0 0 0 0 0 0 0 0 0 0],0.394,0.606,9
Gx(Gi)^8,4398,5602,"[1, 3, 3, 3, 3, 3, 3, 3, 3]",[1 3 3 3 3 3 3 3 3 0 0 0 0 0 0 0 0 0 0],0.4398,0.5602,9
GxGx(GiGxGx)^2Gx,7944,2056,"[1, 1, 3, 1, 1, 3, 1, 1, 1]",[1 1 3 1 1 3 1 1 1 0 0 0 0 0 0 0 0 0 0],0.7944,0.2056,9
Gy(Gx)^8,4349,5651,"[2, 1, 1, 1, 1, 1, 1, 1, 1]",[2 1 1 1 1 1 1 1 1 0 0 0 0 0 0 0 0 0 0],0.4349,0.5651,9
GxGx(GiGxGx)^2Gy,5804,4196,"[1, 1, 3, 1, 1, 3, 1, 1, 2]",[1 1 3 1 1 3 1 1 2 0 0 0 0 0 0 0 0 0 0],0.5804,0.4196,9
(GiGyGyGx)^2Gx,5163,4837,"[3, 2, 2, 1, 3, 2, 2, 1, 1]",[3 2 2 1 3 2 2 1 1 0 0 0 0 0 0 0 0 0 0],0.5163,0.4837,9
(GiGyGyGx)^2Gy,2829,7171,"[3, 2, 2, 1, 3, 2, 2, 1, 2]",[3 2 2 1 3 2 2 1 2 0 0 0 0 0 0 0 0 0 0],0.2829,0.7171,9
Gx(GiGyGyGx)^2,4556,5444,"[1, 3, 2, 2, 1, 3, 2, 2, 1]",[1 3 2 2 1 3 2 2 1 0 0 0 0 0 0 0 0 0 0],0.4556,0.5444,9
(Gi)^8Gx,4567,5433,"[3, 3, 3, 3, 3, 3, 3, 3, 1]",[3 3 3 3 3 3 3 3 1 0 0 0 0 0 0 0 0 0 0],0.4567,0.5433,9
Gy(GiGyGyGx)^2,2688,7312,"[2, 3, 2, 2, 1, 3, 2, 2, 1]",[2 3 2 2 1 3 2 2 1 0 0 0 0 0 0 0 0 0 0],0.2688,0.7312,9
Gy(GiGxGyGx)^2,3293,6707,"[2, 3, 1, 2, 1, 3, 1, 2, 1]",[2 3 1 2 1 3 1 2 1 0 0 0 0 0 0 0 0 0 0],0.3293,0.6707,9
(GiGxGyGx)^2Gy,3320,6680,"[3, 1, 2, 1, 3, 1, 2, 1, 2]",[3 1 2 1 3 1 2 1 2 0 0 0 0 0 0 0 0 0 0],0.332,0.668,9
(GiGxGyGx)^2Gx,3863,6137,"[3, 1, 2, 1, 3, 1, 2, 1, 1]",[3 1 2 1 3 1 2 1 1 0 0 0 0 0 0 0 0 0 0],0.3863,0.6137,9
(Gi)^8Gy,4010,5990,"[3, 3, 3, 3, 3, 3, 3, 3, 2]",[3 3 3 3 3 3 3 3 2 0 0 0 0 0 0 0 0 0 0],0.401,0.599,9
(GiGyGxGx)^2Gx,3867,6133,"[3, 2, 1, 1, 3, 2, 1, 1, 1]",[3 2 1 1 3 2 1 1 1 0 0 0 0 0 0 0 0 0 0],0.3867,0.6133,9
Gx(GiGxGyGx)^2,3801,6199,"[1, 3, 1, 2, 1, 3, 1, 2, 1]",[1 3 1 2 1 3 1 2 1 0 0 0 0 0 0 0 0 0 0],0.3801,0.6199,9
(GxGy)^4Gy,6960,3040,"[1, 2, 1, 2, 1, 2, 1, 2, 2]",[1 2 1 2 1 2 1 2 2 0 0 0 0 0 0 0 0 0 0],0.696,0.304,9
(GxGxGxGy)^2Gy,9325,675,"[1, 1, 1, 2, 1, 1, 1, 2, 2]",[1 1 1 2 1 1 1 2 2 0 0 0 0 0 0 0 0 0 0],0.9325,0.0675,9
(GxGxGxGy)^2Gx,6088,3912,"[1, 1, 1, 2, 1, 1, 1, 2, 1]",[1 1 1 2 1 1 1 2 1 0 0 0 0 0 0 0 0 0 0],0.6088,0.3912,9
Gy(GxGxGxGy)^2,6201,3799,"[2, 1, 1, 1, 2, 1, 1, 1, 2]",[2 1 1 1 2 1 1 1 2 0 0 0 0 0 0 0 0 0 0],0.6201,0.3799,9
(GiGyGxGx)^2Gy,4101,5899,"[3, 2, 1, 1, 3, 2, 1, 1, 2]",[3 2 1 1 3 2 1 1 2 0 0 0 0 0 0 0 0 0 0],0.4101,0.5899,9
(GxGy)^4Gx,1144,8856,"[1, 2, 1, 2, 1, 2, 1, 2, 1]",[1 2 1 2 1 2 1 2 1 0 0 0 0 0 0 0 0 0 0],0.1144,0.8856,9
Gx(GxGy)^4,7336,2664,"[1, 1, 2, 1, 2, 1, 2, 1, 2]",[1 1 2 1 2 1 2 1 2 0 0 0 0 0 0 0 0 0 0],0.7336,0.2664,9
Gx(GxGxGxGy)^2,711,9289,"[1, 1, 1, 1, 2, 1, 1, 1, 2]",[1 1 1 1 2 1 1 1 2 0 0 0 0 0 0 0 0 0 0],0.0711,0.9289,9
Gy(GiGyGxGx)^2,4157,5843,"[2, 3, 2, 1, 1, 3, 2, 1, 1]",[2 3 2 1 1 3 2 1 1 0 0 0 0 0 0 0 0 0 0],0.4157,0.5843,9
Gy(GxGy)^4,1518,8482,"[2, 1, 2, 1, 2, 1, 2, 1, 2]",[2 1 2 1 2 1 2 1 2 0 0 0 0 0 0 0 0 0 0],0.1518,0.8482,9
Gx(Gy)^8,5050,4950,"[1, 2, 2, 2, 2, 2, 2, 2, 2]",[1 2 2 2 2 2 2 2 2 0 0 0 0 0 0 0 0 0 0],0.505,0.495,9
(Gy)^8Gy,991,9009,"[2, 2, 2, 2, 2, 2, 2, 2, 2]",[2 2 2 2 2 2 2 2 2 0 0 0 0 0 0 0 0 0 0],0.0991,0.9009,9
Gx(GiGyGxGx)^2,3766,6234,"[1, 3, 2, 1, 1, 3, 2, 1, 1]",[1 3 2 1 1 3 2 1 1 0 0 0 0 0 0 0 0 0 0],0.3766,0.6234,9
Gy(GiGxGyGx)^2Gy,1351,8649,"[2, 3, 1, 2, 1, 3, 1, 2, 1, 2]",[2 3 1 2 1 3 1 2 1 2 0 0 0 0 0 0 0 0 0],0.1351,0.8649,10
Gx(GxGxGxGy)^2Gx,4161,5839,"[1, 1, 1, 1, 2, 1, 1, 1, 2, 1]",[1 1 1 1 2 1 1 1 2 1 0 0 0 0 0 0 0 0 0],0.4161,0.5839,10
Gy(GiGxGyGx)^2Gx,5402,4598,"[2, 3, 1, 2, 1, 3, 1, 2, 1, 1]",[2 3 1 2 1 3 1 2 1 1 0 0 0 0 0 0 0 0 0],0.5402,0.4598,10
Gx(GiGxGyGx)^2Gx,761,9239,"[1, 3, 1, 2, 1, 3, 1, 2, 1, 1]",[1 3 1 2 1 3 1 2 1 1 0 0 0 0 0 0 0 0 0],0.0761,0.9239,10
Gx(GiGxGyGx)^2Gy,5408,4592,"[1, 3, 1, 2, 1, 3, 1, 2, 1, 2]",[1 3 1 2 1 3 1 2 1 2 0 0 0 0 0 0 0 0 0],0.5408,0.4592,10
Gy(GxGxGxGy)^2Gy,5005,4995,"[2, 1, 1, 1, 2, 1, 1, 1, 2, 2]",[2 1 1 1 2 1 1 1 2 2 0 0 0 0 0 0 0 0 0],0.5005,0.4995,10
GxGx(GiGyGxGx)^2,725,9275,"[1, 1, 3, 2, 1, 1, 3, 2, 1, 1]",[1 1 3 2 1 1 3 2 1 1 0 0 0 0 0 0 0 0 0],0.0725,0.9275,10
Gy(GiGyGxGx)^2Gy,974,9026,"[2, 3, 2, 1, 1, 3, 2, 1, 1, 2]",[2 3 2 1 1 3 2 1 1 2 0 0 0 0 0 0 0 0 0],0.0974,0.9026,10
Gy(GxGxGxGy)^2Gx,672,9328,"[2, 1, 1, 1, 2, 1, 1, 1, 2, 1]",[2 1 1 1 2 1 1 1 2 1 0 0 0 0 0 0 0 0 0],0.0672,0.9328,10
Gy(GiGyGxGx)^2Gx,6128,3872,"[2, 3, 2, 1, 1, 3, 2, 1, 1, 1]",[2 3 2 1 1 3 2 1 1 1 0 0 0 0 0 0 0 0 0],0.6128,0.3872,10
Gx(GiGyGxGx)^2Gy,4355,5645,"[1, 3, 2, 1, 1, 3, 2, 1, 1, 2]",[1 3 2 1 1 3 2 1 1 2 0 0 0 0 0 0 0 0 0],0.4355,0.5645,10
Gx(GiGyGxGx)^2Gx,869,9131,"[1, 3, 2, 1, 1, 3, 2, 1, 1, 1]",[1 3 2 1 1 3 2 1 1 1 0 0 0 0 0 0 0 0 0],0.0869,0.9131,10
Gx(GxGxGxGy)^2Gy,5303,4697,"[1, 1, 1, 1, 2, 1, 1, 1, 2, 2]",[1 1 1 1 2 1 1 1 2 2 0 0 0 0 0 0 0 0 0],0.5303,0.4697,10
GxGx(GiGxGyGx)^2,817,9183,"[1, 1, 3, 1, 2, 1, 3, 1, 2, 1]",[1 1 3 1 2 1 3 1 2 1 0 0 0 0 0 0 0 0 0],0.0817,0.9183,10
GxGx(GxGxGxGy)^2,6245,3755,"[1, 1, 1, 1, 1, 2, 1, 1, 1, 2]",[1 1 1 1 1 2 1 1 1 2 0 0 0 0 0 0 0 0 0],0.6245,0.3755,10
Gx(GxGy)^4Gy,7692,2308,"[1, 1, 2, 1, 2, 1, 2, 1, 2, 2]",[1 1 2 1 2 1 2 1 2 2 0 0 0 0 0 0 0 0 0],0.7692,0.2308,10
GxGx(Gy)^8,5024,4976,"[1, 1, 2, 2, 2, 2, 2, 2, 2, 2]",[1 1 2 2 2 2 2 2 2 2 0 0 0 0 0 0 0 0 0],0.5024,0.4976,10
Gx(Gx)^8Gy,5689,4311,"[1, 1, 1, 1, 1, 1, 1, 1, 1, 2]",[1 1 1 1 1 1 1 1 1 2 0 0 0 0 0 0 0 0 0],0.5689,0.4311,10
Gx(Gy)^8Gx,910,9090,"[1, 2, 2, 2, 2, 2, 2, 2, 2, 1]",[1 2 2 2 2 2 2 2 2 1 0 0 0 0 0 0 0 0 0],0.091,0.909,10
Gx(Gy)^8Gy,5392,4608,"[1, 2, 2, 2, 2, 2, 2, 2, 2, 2]",[1 2 2 2 2 2 2 2 2 2 0 0 0 0 0 0 0 0 0],0.5392,0.4608,10
Gy(Gy)^8Gx,5420,4580,"[2, 2, 2, 2, 2, 2, 2, 2, 2, 1]",[2 2 2 2 2 2 2 2 2 1 0 0 0 0 0 0 0 0 0],0.542,0.458,10
Gy(Gy)^8Gy,6706,3294,"[2, 2, 2, 2, 2, 2, 2, 2, 2, 2]",[2 2 2 2 2 2 2 2 2 2 0 0 0 0 0 0 0 0 0],0.6706,0.3294,10
Gx(Gi)^8Gx,188,9812,"[1, 3, 3, 3, 3, 3, 3, 3, 3, 1]",[1 3 3 3 3 3 3 3 3 1 0 0 0 0 0 0 0 0 0],0.0188,0.9812,10
Gx(Gx)^8Gx,2613,7387,"[1, 1, 1, 1, 1, 1, 1, 1, 1, 1]",[1 1 1 1 1 1 1 1 1 1 0 0 0 0 0 0 0 0 0],0.2613,0.7387,10
Gx(GxGy)^4Gx,6414,3586,"[1, 1, 2, 1, 2, 1, 2, 1, 2, 1]",[1 1 2 1 2 1 2 1 2 1 0 0 0 0 0 0 0 0 0],0.6414,0.3586,10
Gy(Gx)^8Gx,5673,4327,"[2, 1, 1, 1, 1, 1, 1, 1, 1, 1]",[2 1 1 1 1 1 1 1 1 1 0 0 0 0 0 0 0 0 0],0.5673,0.4327,10
Gy(GxGy)^4Gx,7591,2409,"[2, 1, 2, 1, 2, 1, 2, 1, 2, 1]",[2 1 2 1 2 1 2 1 2 1 0 0 0 0 0 0 0 0 0],0.7591,0.2409,10
Gy(Gx)^8Gy,848,9152,"[2, 1, 1, 1, 1, 1, 1, 1, 1, 2]",[2 1 1 1 1 1 1 1 1 2 0 0 0 0 0 0 0 0 0],0.0848,0.9152,10
GxGx(GxGy)^4,5200,4800,"[1, 1, 1, 2, 1, 2, 1, 2, 1, 2]",[1 1 1 2 1 2 1 2 1 2 0 0 0 0 0 0 0 0 0],0.52,0.48,10
GxGx(Gi)^8,218,9782,"[1, 1, 3, 3, 3, 3, 3, 3, 3, 3]",[1 1 3 3 3 3 3 3 3 3 0 0 0 0 0 0 0 0 0],0.0218,0.9782,10
Gy(Gi)^8Gy,560,9440,"[2, 3, 3, 3, 3, 3, 3, 3, 3, 2]",[2 3 3 3 3 3 3 3 3 2 0 0 0 0 0 0 0 0 0],0.056,0.944,10
Gx(GiGyGyGx)^2Gx,927,9073,"[1, 3, 2, 2, 1, 3, 2, 2, 1, 1]",[1 3 2 2 1 3 2 2 1 1 0 0 0 0 0 0 0 0 0],0.0927,0.9073,10
Gy(Gi)^8Gx,5009,4991,"[2, 3, 3, 3, 3, 3, 3, 3, 3, 1]",[2 3 3 3 3 3 3 3 3 1 0 0 0 0 0 0 0 0 0],0.5009,0.4991,10
Gx(Gi)^8Gy,5076,4924,"[1, 3, 3, 3, 3, 3, 3, 3, 3, 2]",[1 3 3 3 3 3 3 3 3 2 0 0 0 0 0 0 0 0 0],0.5076,0.4924,10
Gx(GiGyGyGx)^2Gy,3554,6446,"[1, 3, 2, 2, 1, 3, 2, 2, 1, 2]",[1 3 2 2 1 3 2 2 1 2 0 0 0 0 0 0 0 0 0],0.3554,0.6446,10
Gy(GiGyGyGx)^2Gx,6634,3366,"[2, 3, 2, 2, 1, 3, 2, 2, 1, 1]",[2 3 2 2 1 3 2 2 1 1 0 0 0 0 0 0 0 0 0],0.6634,0.3366,10
Gy(GiGyGyGx)^2Gy,2121,7879,"[2, 3, 2, 2, 1, 3, 2, 2, 1, 2]",[2 3 2 2 1 3 2 2 1 2 0 0 0 0 0 0 0 0 0],0.2121,0.7879,10
GxGx(GiGyGyGx)^2,922,9078,"[1, 1, 3, 2, 2, 1, 3, 2, 2, 1]",[1 1 3 2 2 1 3 2 2 1 0 0 0 0 0 0 0 0 0],0.0922,0.9078,10
Gy(GxGy)^4Gy,7044,2956,"[2, 1, 2, 1, 2, 1, 2, 1, 2, 2]",[2 1 2 1 2 1 2 1 2 2 0 0 0 0 0 0 0 0 0],0.7044,0.2956,10
GxGx(Gi)^8Gy,5989,4011,"[1, 1, 3, 3, 3, 3, 3, 3, 3, 3, 2]",[1 1 3 3 3 3 3 3 3 3 2 0 0 0 0 0 0 0 0],0.5989,0.4011,11
GxGx(GxGxGxGy)^2Gy,795,9205,"[1, 1, 1, 1, 1, 2, 1, 1, 1, 2, 2]",[1 1 1 1 1 2 1 1 1 2 2 0 0 0 0 0 0 0 0],0.0795,0.9205,11
GxGx(GxGxGxGy)^2Gx,4065,5935,"[1, 1, 1, 1, 1, 2, 1, 1, 1, 2, 1]",[1 1 1 1 1 2 1 1 1 2 1 0 0 0 0 0 0 0 0],0.4065,0.5935,11
GxGx(Gi)^8Gx,6420,3580,"[1, 1, 3, 3, 3, 3, 3, 3, 3, 3, 1]",[1 1 3 3 3 3 3 3 3 3 1 0 0 0 0 0 0 0 0],0.642,0.358,11
GxGx(GiGyGyGx)^2Gx,5655,4345,"[1, 1, 3, 2, 2, 1, 3, 2, 2, 1, 1]",[1 1 3 2 2 1 3 2 2 1 1 0 0 0 0 0 0 0 0],0.5655,0.4345,11
GxGx(Gx)^8Gy,5509,4491,"[1, 1, 1, 1, 1, 1, 1, 1, 1, 1, 2]",[1 1 1 1 1 1 1 1 1 1 2 0 0 0 0 0 0 0 0],0.5509,0.4491,11
GxGx(GiGyGxGx)^2Gy,5948,4052,"[1, 1, 3, 2, 1, 1, 3, 2, 1, 1, 2]",[1 1 3 2 1 1 3 2 1 1 2 0 0 0 0 0 0 0 0],0.5948,0.4052,11
GxGx(GiGyGxGx)^2Gx,6986,3014,"[1, 1, 3, 2, 1, 1, 3, 2, 1, 1, 1]",[1 1 3 2 1 1 3 2 1 1 1 0 0 0 0 0 0 0 0],0.6986,0.3014,11
GxGx(Gy)^8Gx,5822,4178,"[1, 1, 2, 2, 2, 2, 2, 2, 2, 2, 1]",[1 1 2 2 2 2 2 2 2 2 1 0 0 0 0 0 0 0 0],0.5822,0.4178,11
GxGx(Gy)^8Gy,8842,1158,"[1, 1, 2, 2, 2, 2, 2, 2, 2, 2, 2]",[1 1 2 2 2 2 2 2 2 2 2 0 0 0 0 0 0 0 0],0.8842,0.1158,11
GxGx(GxGy)^4Gx,8488,1512,"[1, 1, 1, 2, 1, 2, 1, 2, 1, 2, 1]",[1 1 1 2 1 2 1 2 1 2 1 0 0 0 0 0 0 0 0],0.8488,0.1512,11
GxGx(GxGy)^4Gy,2599,7401,"[1, 1, 1, 2, 1, 2, 1, 2, 1, 2, 2]",[1 1 1 2 1 2 1 2 1 2 2 0 0 0 0 0 0 0 0],0.2599,0.7401,11
GxGx(GiGxGyGx)^2Gy,6590,3410,"[1, 1, 3, 1, 2, 1, 3, 1, 2, 1, 2]",[1 1 3 1 2 1 3 1 2 1 2 0 0 0 0 0 0 0 0],0.659,0.341,11
GxGx(GiGxGyGx)^2Gx,7033,2967,"[1, 1, 3, 1, 2, 1, 3, 1, 2, 1, 1]",[1 1 3 1 2 1 3 1 2 1 1 0 0 0 0 0 0 0 0],0.7033,0.2967,11
GxGx(Gx)^8Gx,8953,1047,"[1, 1, 1, 1, 1, 1, 1, 1, 1, 1, 1]",[1 1 1 1 1 1 1 1 1 1 1 0 0 0 0 0 0 0 0],0.8953,0.1047,11
GxGx(GiGyGyGx)^2Gy,7422,2578,"[1, 1, 3, 2, 2, 1, 3, 2, 2, 1, 2]",[1 1 3 2 2 1 3 2 2 1 2 0 0 0 0 0 0 0 0],0.7422,0.2578,11
(GiGxGx)^5,2571,7429,"[3, 1, 1, 3, 1, 1, 3, 1, 1, 3, 1, 1, 3, 1, 1]",[3 1 1 3 1 1 3 1 1 3 1 1 3 1 1 0 0 0 0],0.2571,0.7429,15
(GiGxGyGxGx)^3,9300,700,"[3, 1, 2, 1, 1, 3, 1, 2, 1, 1, 3, 1, 2, 1, 1]",[3 1 2 1 1 3 1 2 1 1 3 1 2 1 1 0 0 0 0],0.93,0.07,15
(Gx)^16,4907,5093,"[1, 1, 1, 1, 1, 1, 1, 1, 1, 1, 1, 1, 1, 1, 1, 1]",[1 1 1 1 1 1 1 1 1 1 1 1 1 1 1 1 0 0 0],0.4907,0.5093,16
Gx(GiGxGx)^5,8981,1019,"[1, 3, 1, 1, 3, 1, 1, 3, 1, 1, 3, 1, 1, 3, 1, 1]",[1 3 1 1 3 1 1 3 1 1 3 1 1 3 1 1 0 0 0],0.8981,0.1019,16
(Gi)^16,10000,0,"[3, 3, 3, 3, 3, 3, 3, 3, 3, 3, 3, 3, 3, 3, 3, 3]",[3 3 3 3 3 3 3 3 3 3 3 3 3 3 3 3 0 0 0],1.0,0.0,16
(GiGxGx)^5Gy,5445,4555,"[3, 1, 1, 3, 1, 1, 3, 1, 1, 3, 1, 1, 3, 1, 1, 2]",[3 1 1 3 1 1 3 1 1 3 1 1 3 1 1 2 0 0 0],0.5445,0.4555,16
(GiGxGx)^5Gx,8971,1029,"[3, 1, 1, 3, 1, 1, 3, 1, 1, 3, 1, 1, 3, 1, 1, 1]",[3 1 1 3 1 1 3 1 1 3 1 1 3 1 1 1 0 0 0],0.8971,0.1029,16
(GiGyGyGx)^4,8060,1940,"[3, 2, 2, 1, 3, 2, 2, 1, 3, 2, 2, 1, 3, 2, 2, 1]",[3 2 2 1 3 2 2 1 3 2 2 1 3 2 2 1 0 0 0],0.806,0.194,16
(GiGxGyGxGx)^3Gx,4489,5511,"[3, 1, 2, 1, 1, 3, 1, 2, 1, 1, 3, 1, 2, 1, 1, 1]",[3 1 2 1 1 3 1 2 1 1 3 1 2 1 1 1 0 0 0],0.4489,0.5511,16
(Gy)^16,1371,8629,"[2, 2, 2, 2, 2, 2, 2, 2, 2, 2, 2, 2, 2, 2, 2, 2]",[2 2 2 2 2 2 2 2 2 2 2 2 2 2 2 2 0 0 0],0.1371,0.8629,16
(GiGxGyGxGx)^3Gy,4031,5969,"[3, 1, 2, 1, 1, 3, 1, 2, 1, 1, 3, 1, 2, 1, 1, 2]",[3 1 2 1 1 3 1 2 1 1 3 1 2 1 1 2 0 0 0],0.4031,0.5969,16
Gy(GiGxGx)^5,5541,4459,"[2, 3, 1, 1, 3, 1, 1, 3, 1, 1, 3, 1, 1, 3, 1, 1]",[2 3 1 1 3 1 1 3 1 1 3 1 1 3 1 1 0 0 0],0.5541,0.4459,16
(GxGxGxGy)^4,4893,5107,"[1, 1, 1, 2, 1, 1, 1, 2, 1, 1, 1, 2, 1, 1, 1, 2]",[1 1 1 2 1 1 1 2 1 1 1 2 1 1 1 2 0 0 0],0.4893,0.5107,16
(GiGyGxGx)^4,9081,919,"[3, 2, 1, 1, 3, 2, 1, 1, 3, 2, 1, 1, 3, 2, 1, 1]",[3 2 1 1 3 2 1 1 3 2 1 1 3 2 1 1 0 0 0],0.9081,0.0919,16
Gy(GiGxGyGxGx)^3,3940,6060,"[2, 3, 1, 2, 1, 1, 3, 1, 2, 1, 1, 3, 1, 2, 1, 1]",[2 3 1 2 1 1 3 1 2 1 1 3 1 2 1 1 0 0 0],0.394,0.606,16
(GxGy)^8,8289,1711,"[1, 2, 1, 2, 1, 2, 1, 2, 1, 2, 1, 2, 1, 2, 1, 2]",[1 2 1 2 1 2 1 2 1 2 1 2 1 2 1 2 0 0 0],0.8289,0.1711,16
(GiGxGyGx)^4,8746,1254,"[3, 1, 2, 1, 3, 1, 2, 1, 3, 1, 2, 1, 3, 1, 2, 1]",[3 1 2 1 3 1 2 1 3 1 2 1 3 1 2 1 0 0 0],0.8746,0.1254,16
Gx(GiGxGyGxGx)^3,4465,5535,"[1, 3, 1, 2, 1, 1, 3, 1, 2, 1, 1, 3, 1, 2, 1, 1]",[1 3 1 2 1 1 3 1 2 1 1 3 1 2 1 1 0 0 0],0.4465,0.5535,16
Gx(GiGyGxGx)^4,3390,6610,"[1, 3, 2, 1, 1, 3, 2, 1, 1, 3, 2, 1, 1, 3, 2, 1, 1]",[1 3 2 1 1 3 2 1 1 3 2 1 1 3 2 1 1 0 0],0.339,0.661,17
GxGx(GiGxGyGxGx)^3,902,9098,"[1, 1, 3, 1, 2, 1, 1, 3, 1, 2, 1, 1, 3, 1, 2, 1, 1]",[1 1 3 1 2 1 1 3 1 2 1 1 3 1 2 1 1 0 0],0.0902,0.9098,17
Gy(GiGyGxGx)^4,4634,5366,"[2, 3, 2, 1, 1, 3, 2, 1, 1, 3, 2, 1, 1, 3, 2, 1, 1]",[2 3 2 1 1 3 2 1 1 3 2 1 1 3 2 1 1 0 0],0.4634,0.5366,17
Gy(GxGy)^8,5485,4515,"[2, 1, 2, 1, 2, 1, 2, 1, 2, 1, 2, 1, 2, 1, 2, 1, 2]",[2 1 2 1 2 1 2 1 2 1 2 1 2 1 2 1 2 0 0],0.5485,0.4515,17
Gx(GiGxGx)^5Gx,6563,3437,"[1, 3, 1, 1, 3, 1, 1, 3, 1, 1, 3, 1, 1, 3, 1, 1, 1]",[1 3 1 1 3 1 1 3 1 1 3 1 1 3 1 1 1 0 0],0.6563,0.3437,17
(Gi)^16Gy,4064,5936,"[3, 3, 3, 3, 3, 3, 3, 3, 3, 3, 3, 3, 3, 3, 3, 3, 2]",[3 3 3 3 3 3 3 3 3 3 3 3 3 3 3 3 2 0 0],0.4064,0.5936,17
GxGx(GiGxGx)^5,6614,3386,"[1, 1, 3, 1, 1, 3, 1, 1, 3, 1, 1, 3, 1, 1, 3, 1, 1]",[1 1 3 1 1 3 1 1 3 1 1 3 1 1 3 1 1 0 0],0.6614,0.3386,17
Gy(GiGxGx)^5Gx,4252,5748,"[2, 3, 1, 1, 3, 1, 1, 3, 1, 1, 3, 1, 1, 3, 1, 1, 1]",[2 3 1 1 3 1 1 3 1 1 3 1 1 3 1 1 1 0 0],0.4252,0.5748,17
Gy(GiGxGx)^5Gy,717,9283,"[2, 3, 1, 1, 3, 1, 1, 3, 1, 1, 3, 1, 1, 3, 1, 1, 2]",[2 3 1 1 3 1 1 3 1 1 3 1 1 3 1 1 2 0 0],0.0717,0.9283,17
(GiGyGxGx)^4Gy,4139,5861,"[3, 2, 1, 1, 3, 2, 1, 1, 3, 2, 1, 1, 3, 2, 1, 1, 2]",[3 2 1 1 3 2 1 1 3 2 1 1 3 2 1 1 2 0 0],0.4139,0.5861,17
(GiGyGxGx)^4Gx,3348,6652,"[3, 2, 1, 1, 3, 2, 1, 1, 3, 2, 1, 1, 3, 2, 1, 1, 1]",[3 2 1 1 3 2 1 1 3 2 1 1 3 2 1 1 1 0 0],0.3348,0.6652,17
(GiGyGyGx)^4Gx,6298,3702,"[3, 2, 2, 1, 3, 2, 2, 1, 3, 2, 2, 1, 3, 2, 2, 1, 1]",[3 2 2 1 3 2 2 1 3 2 2 1 3 2 2 1 1 0 0],0.6298,0.3702,17
(GiGyGyGx)^4Gy,2330,7670,"[3, 2, 2, 1, 3, 2, 2, 1, 3, 2, 2, 1, 3, 2, 2, 1, 2]",[3 2 2 1 3 2 2 1 3 2 2 1 3 2 2 1 2 0 0],0.233,0.767,17
Gx(GiGyGyGx)^4,4257,5743,"[1, 3, 2, 2, 1, 3, 2, 2, 1, 3, 2, 2, 1, 3, 2, 2, 1]",[1 3 2 2 1 3 2 2 1 3 2 2 1 3 2 2 1 0 0],0.4257,0.5743,17
Gy(GiGyGyGx)^4,1923,8077,"[2, 3, 2, 2, 1, 3, 2, 2, 1, 3, 2, 2, 1, 3, 2, 2, 1]",[2 3 2 2 1 3 2 2 1 3 2 2 1 3 2 2 1 0 0],0.1923,0.8077,17
Gy(GiGxGyGx)^4,2680,7320,"[2, 3, 1, 2, 1, 3, 1, 2, 1, 3, 1, 2, 1, 3, 1, 2, 1]",[2 3 1 2 1 3 1 2 1 3 1 2 1 3 1 2 1 0 0],0.268,0.732,17
(GiGxGyGx)^4Gx,3411,6589,"[3, 1, 2, 1, 3, 1, 2, 1, 3, 1, 2, 1, 3, 1, 2, 1, 1]",[3 1 2 1 3 1 2 1 3 1 2 1 3 1 2 1 1 0 0],0.3411,0.6589,17
Gx(GiGxGx)^5Gy,4153,5847,"[1, 3, 1, 1, 3, 1, 1, 3, 1, 1, 3, 1, 1, 3, 1, 1, 2]",[1 3 1 1 3 1 1 3 1 1 3 1 1 3 1 1 2 0 0],0.4153,0.5847,17
(Gi)^16Gx,4484,5516,"[3, 3, 3, 3, 3, 3, 3, 3, 3, 3, 3, 3, 3, 3, 3, 3, 1]",[3 3 3 3 3 3 3 3 3 3 3 3 3 3 3 3 1 0 0],0.4484,0.5516,17
Gx(GiGxGyGx)^4,3361,6639,"[1, 3, 1, 2, 1, 3, 1, 2, 1, 3, 1, 2, 1, 3, 1, 2, 1]",[1 3 1 2 1 3 1 2 1 3 1 2 1 3 1 2 1 0 0],0.3361,0.6639,17
(GxGy)^8Gy,6138,3862,"[1, 2, 1, 2, 1, 2, 1, 2, 1, 2, 1, 2, 1, 2, 1, 2, 2]",[1 2 1 2 1 2 1 2 1 2 1 2 1 2 1 2 2 0 0],0.6138,0.3862,17
(Gx)^16Gx,817,9183,"[1, 1, 1, 1, 1, 1, 1, 1, 1, 1, 1, 1, 1, 1, 1, 1, 1]",[1 1 1 1 1 1 1 1 1 1 1 1 1 1 1 1 1 0 0],0.0817,0.9183,17
(Gx)^16Gy,5073,4927,"[1, 1, 1, 1, 1, 1, 1, 1, 1, 1, 1, 1, 1, 1, 1, 1, 2]",[1 1 1 1 1 1 1 1 1 1 1 1 1 1 1 1 2 0 0],0.5073,0.4927,17
(GiGxGyGx)^4Gy,2668,7332,"[3, 1, 2, 1, 3, 1, 2, 1, 3, 1, 2, 1, 3, 1, 2, 1, 2]",[3 1 2 1 3 1 2 1 3 1 2 1 3 1 2 1 2 0 0],0.2668,0.7332,17
Gy(Gx)^16,5089,4911,"[2, 1, 1, 1, 1, 1, 1, 1, 1, 1, 1, 1, 1, 1, 1, 1, 1]",[2 1 1 1 1 1 1 1 1 1 1 1 1 1 1 1 1 0 0],0.5089,0.4911,17
Gx(GxGy)^8,6372,3628,"[1, 1, 2, 1, 2, 1, 2, 1, 2, 1, 2, 1, 2, 1, 2, 1, 2]",[1 1 2 1 2 1 2 1 2 1 2 1 2 1 2 1 2 0 0],0.6372,0.3628,17
Gy(Gi)^16,4035,5965,"[2, 3, 3, 3, 3, 3, 3, 3, 3, 3, 3, 3, 3, 3, 3, 3, 3]",[2 3 3 3 3 3 3 3 3 3 3 3 3 3 3 3 3 0 0],0.4035,0.5965,17
Gy(GxGxGxGy)^4,1172,8828,"[2, 1, 1, 1, 2, 1, 1, 1, 2, 1, 1, 1, 2, 1, 1, 1, 2]",[2 1 1 1 2 1 1 1 2 1 1 1 2 1 1 1 2 0 0],0.1172,0.8828,17
(Gy)^16Gx,5337,4663,"[2, 2, 2, 2, 2, 2, 2, 2, 2, 2, 2, 2, 2, 2, 2, 2, 1]",[2 2 2 2 2 2 2 2 2 2 2 2 2 2 2 2 1 0 0],0.5337,0.4663,17
(Gy)^16Gy,5849,4151,"[2, 2, 2, 2, 2, 2, 2, 2, 2, 2, 2, 2, 2, 2, 2, 2, 2]",[2 2 2 2 2 2 2 2 2 2 2 2 2 2 2 2 2 0 0],0.5849,0.4151,17
Gx(GiGxGyGxGx)^3Gx,905,9095,"[1, 3, 1, 2, 1, 1, 3, 1, 2, 1, 1, 3, 1, 2, 1, 1, 1]",[1 3 1 2 1 1 3 1 2 1 1 3 1 2 1 1 1 0 0],0.0905,0.9095,17
Gx(Gy)^16,5331,4669,"[1, 2, 2, 2, 2, 2, 2, 2, 2, 2, 2, 2, 2, 2, 2, 2, 2]",[1 2 2 2 2 2 2 2 2 2 2 2 2 2 2 2 2 0 0],0.5331,0.4669,17
Gy(GiGxGyGxGx)^3Gx,5303,4697,"[2, 3, 1, 2, 1, 1, 3, 1, 2, 1, 1, 3, 1, 2, 1, 1, 1]",[2 3 1 2 1 1 3 1 2 1 1 3 1 2 1 1 1 0 0],0.5303,0.4697,17
Gx(GxGxGxGy)^4,4412,5588,"[1, 1, 1, 1, 2, 1, 1, 1, 2, 1, 1, 1, 2, 1, 1, 1, 2]",[1 1 1 1 2 1 1 1 2 1 1 1 2 1 1 1 2 0 0],0.4412,0.5588,17
(GxGxGxGy)^4Gy,3714,6286,"[1, 1, 1, 2, 1, 1, 1, 2, 1, 1, 1, 2, 1, 1, 1, 2, 2]",[1 1 1 2 1 1 1 2 1 1 1 2 1 1 1 2 2 0 0],0.3714,0.6286,17
(GxGxGxGy)^4Gx,8819,1181,"[1, 1, 1, 2, 1, 1, 1, 2, 1, 1, 1, 2, 1, 1, 1, 2, 1]",[1 1 1 2 1 1 1 2 1 1 1 2 1 1 1 2 1 0 0],0.8819,0.1181,17
Gy(GiGxGyGxGx)^3Gy,1294,8706,"[2, 3, 1, 2, 1, 1, 3, 1, 2, 1, 1, 3, 1, 2, 1, 1, 2]",[2 3 1 2 1 1 3 1 2 1 1 3 1 2 1 1 2 0 0],0.1294,0.8706,17
Gx(Gi)^16,4585,5415,"[1, 3, 3, 3, 3, 3, 3, 3, 3, 3, 3, 3, 3, 3, 3, 3, 3]",[1 3 3 3 3 3 3 3 3 3 3 3 3 3 3 3 3 0 0],0.4585,0.5415,17
(GxGy)^8Gx,5672,4328,"[1, 2, 1, 2, 1, 2, 1, 2, 1, 2, 1, 2, 1, 2, 1, 2, 1]",[1 2 1 2 1 2 1 2 1 2 1 2 1 2 1 2 1 0 0],0.5672,0.4328,17
Gx(GiGxGyGxGx)^3Gy,5009,4991,"[1, 3, 1, 2, 1, 1, 3, 1, 2, 1, 1, 3, 1, 2, 1, 1, 2]",[1 3 1 2 1 1 3 1 2 1 1 3 1 2 1 1 2 0 0],0.5009,0.4991,17
Gy(GiGxGyGx)^4Gy,2143,7857,"[2, 3, 1, 2, 1, 3, 1, 2, 1, 3, 1, 2, 1, 3, 1, 2, 1, 2]",[2 3 1 2 1 3 1 2 1 3 1 2 1 3 1 2 1 2 0],0.2143,0.7857,18
Gx(GiGxGyGx)^4Gy,5603,4397,"[1, 3, 1, 2, 1, 3, 1, 2, 1, 3, 1, 2, 1, 3, 1, 2, 1, 2]",[1 3 1 2 1 3 1 2 1 3 1 2 1 3 1 2 1 2 0],0.5603,0.4397,18
Gx(GiGxGyGx)^4Gx,1388,8612,"[1, 3, 1, 2, 1, 3, 1, 2, 1, 3, 1, 2, 1, 3, 1, 2, 1, 1]",[1 3 1 2 1 3 1 2 1 3 1 2 1 3 1 2 1 1 0],0.1388,0.8612,18
Gy(GiGxGyGx)^4Gx,5756,4244,"[2, 3, 1, 2, 1, 3, 1, 2, 1, 3, 1, 2, 1, 3, 1, 2, 1, 1]",[2 3 1 2 1 3 1 2 1 3 1 2 1 3 1 2 1 1 0],0.5756,0.4244,18
GxGx(GxGxGxGy)^4,5159,4841,"[1, 1, 1, 1, 1, 2, 1, 1, 1, 2, 1, 1, 1, 2, 1, 1, 1, 2]",[1 1 1 1 1 2 1 1 1 2 1 1 1 2 1 1 1 2 0],0.5159,0.4841,18
Gy(GxGxGxGy)^4Gy,6575,3425,"[2, 1, 1, 1, 2, 1, 1, 1, 2, 1, 1, 1, 2, 1, 1, 1, 2, 2]",[2 1 1 1 2 1 1 1 2 1 1 1 2 1 1 1 2 2 0],0.6575,0.3425,18
Gy(GxGxGxGy)^4Gx,4796,5204,"[2, 1, 1, 1, 2, 1, 1, 1, 2, 1, 1, 1, 2, 1, 1, 1, 2, 1]",[2 1 1 1 2 1 1 1 2 1 1 1 2 1 1 1 2 1 0],0.4796,0.5204,18
Gx(GxGxGxGy)^4Gy,1692,8308,"[1, 1, 1, 1, 2, 1, 1, 1, 2, 1, 1, 1, 2, 1, 1, 1, 2, 2]",[1 1 1 1 2 1 1 1 2 1 1 1 2 1 1 1 2 2 0],0.1692,0.8308,18
Gx(GxGxGxGy)^4Gx,3407,6593,"[1, 1, 1, 1, 2, 1, 1, 1, 2, 1, 1, 1, 2, 1, 1, 1, 2, 1]",[1 1 1 1 2 1 1 1 2 1 1 1 2 1 1 1 2 1 0],0.3407,0.6593,18
Gx(GiGyGxGx)^4Gx,1670,8330,"[1, 3, 2, 1, 1, 3, 2, 1, 1, 3, 2, 1, 1, 3, 2, 1, 1, 1]",[1 3 2 1 1 3 2 1 1 3 2 1 1 3 2 1 1 1 0],0.167,0.833,18
Gx(GiGyGxGx)^4Gy,3804,6196,"[1, 3, 2, 1, 1, 3, 2, 1, 1, 3, 2, 1, 1, 3, 2, 1, 1, 2]",[1 3 2 1 1 3 2 1 1 3 2 1 1 3 2 1 1 2 0],0.3804,0.6196,18
GxGx(GiGyGxGx)^4,1333,8667,"[1, 1, 3, 2, 1, 1, 3, 2, 1, 1, 3, 2, 1, 1, 3, 2, 1, 1]",[1 1 3 2 1 1 3 2 1 1 3 2 1 1 3 2 1 1 0],0.1333,0.8667,18
Gy(GiGyGxGx)^4Gx,6637,3363,"[2, 3, 2, 1, 1, 3, 2, 1, 1, 3, 2, 1, 1, 3, 2, 1, 1, 1]",[2 3 2 1 1 3 2 1 1 3 2 1 1 3 2 1 1 1 0],0.6637,0.3363,18
GxGx(GiGxGyGx)^4,1669,8331,"[1, 1, 3, 1, 2, 1, 3, 1, 2, 1, 3, 1, 2, 1, 3, 1, 2, 1]",[1 1 3 1 2 1 3 1 2 1 3 1 2 1 3 1 2 1 0],0.1669,0.8331,18
Gy(GiGyGxGx)^4Gy,1435,8565,"[2, 3, 2, 1, 1, 3, 2, 1, 1, 3, 2, 1, 1, 3, 2, 1, 1, 2]",[2 3 2 1 1 3 2 1 1 3 2 1 1 3 2 1 1 2 0],0.1435,0.8565,18
Gx(GxGy)^8Gy,3342,6658,"[1, 1, 2, 1, 2, 1, 2, 1, 2, 1, 2, 1, 2, 1, 2, 1, 2, 2]",[1 1 2 1 2 1 2 1 2 1 2 1 2 1 2 1 2 2 0],0.3342,0.6658,18
Gy(Gy)^16Gy,8147,1853,"[2, 2, 2, 2, 2, 2, 2, 2, 2, 2, 2, 2, 2, 2, 2, 2, 2, 2]",[2 2 2 2 2 2 2 2 2 2 2 2 2 2 2 2 2 2 0],0.8147,0.1853,18
GxGx(GiGxGyGxGx)^3Gx,6427,3573,"[1, 1, 3, 1, 2, 1, 1, 3, 1, 2, 1, 1, 3, 1, 2, 1, 1, 1]",[1 1 3 1 2 1 1 3 1 2 1 1 3 1 2 1 1 1 0],0.6427,0.3573,18
Gx(Gi)^16Gx,196,9804,"[1, 3, 3, 3, 3, 3, 3, 3, 3, 3, 3, 3, 3, 3, 3, 3, 3, 1]",[1 3 3 3 3 3 3 3 3 3 3 3 3 3 3 3 3 1 0],0.0196,0.9804,18
Gx(Gi)^16Gy,5127,4873,"[1, 3, 3, 3, 3, 3, 3, 3, 3, 3, 3, 3, 3, 3, 3, 3, 3, 2]",[1 3 3 3 3 3 3 3 3 3 3 3 3 3 3 3 3 2 0],0.5127,0.4873,18
Gy(Gi)^16Gx,5238,4762,"[2, 3, 3, 3, 3, 3, 3, 3, 3, 3, 3, 3, 3, 3, 3, 3, 3, 1]",[2 3 3 3 3 3 3 3 3 3 3 3 3 3 3 3 3 1 0],0.5238,0.4762,18
Gy(Gi)^16Gy,584,9416,"[2, 3, 3, 3, 3, 3, 3, 3, 3, 3, 3, 3, 3, 3, 3, 3, 3, 2]",[2 3 3 3 3 3 3 3 3 3 3 3 3 3 3 3 3 2 0],0.0584,0.9416,18
GxGx(Gi)^16,211,9789,"[1, 1, 3, 3, 3, 3, 3, 3, 3, 3, 3, 3, 3, 3, 3, 3, 3, 3]",[1 1 3 3 3 3 3 3 3 3 3 3 3 3 3 3 3 3 0],0.0211,0.9789,18
Gx(Gx)^16Gx,6020,3980,"[1, 1, 1, 1, 1, 1, 1, 1, 1, 1, 1, 1, 1, 1, 1, 1, 1, 1]",[1 1 1 1 1 1 1 1 1 1 1 1 1 1 1 1 1 1 0],0.602,0.398,18
Gx(Gx)^16Gy,5849,4151,"[1, 1, 1, 1, 1, 1, 1, 1, 1, 1, 1, 1, 1, 1, 1, 1, 1, 2]",[1 1 1 1 1 1 1 1 1 1 1 1 1 1 1 1 1 2 0],0.5849,0.4151,18
Gy(Gx)^16Gx,5792,4208,"[2, 1, 1, 1, 1, 1, 1, 1, 1, 1, 1, 1, 1, 1, 1, 1, 1, 1]",[2 1 1 1 1 1 1 1 1 1 1 1 1 1 1 1 1 1 0],0.5792,0.4208,18
Gy(Gx)^16Gy,1098,8902,"[2, 1, 1, 1, 1, 1, 1, 1, 1, 1, 1, 1, 1, 1, 1, 1, 1, 2]",[2 1 1 1 1 1 1 1 1 1 1 1 1 1 1 1 1 2 0],0.1098,0.8902,18
Gx(Gy)^16Gx,1430,8570,"[1, 2, 2, 2, 2, 2, 2, 2, 2, 2, 2, 2, 2, 2, 2, 2, 2, 1]",[1 2 2 2 2 2 2 2 2 2 2 2 2 2 2 2 2 1 0],0.143,0.857,18
Gx(Gy)^16Gy,4916,5084,"[1, 2, 2, 2, 2, 2, 2, 2, 2, 2, 2, 2, 2, 2, 2, 2, 2, 2]",[1 2 2 2 2 2 2 2 2 2 2 2 2 2 2 2 2 2 0],0.4916,0.5084,18
Gy(Gy)^16Gx,4882,5118,"[2, 2, 2, 2, 2, 2, 2, 2, 2, 2, 2, 2, 2, 2, 2, 2, 2, 1]",[2 2 2 2 2 2 2 2 2 2 2 2 2 2 2 2 2 1 0],0.4882,0.5118,18
GxGx(Gy)^16,8478,1522,"[1, 1, 2, 2, 2, 2, 2, 2, 2, 2, 2, 2, 2, 2, 2, 2, 2, 2]",[1 1 2 2 2 2 2 2 2 2 2 2 2 2 2 2 2 2 0],0.8478,0.1522,18
GxGx(GiGxGyGxGx)^3Gy,5986,4014,"[1, 1, 3, 1, 2, 1, 1, 3, 1, 2, 1, 1, 3, 1, 2, 1, 1, 2]",[1 1 3 1 2 1 1 3 1 2 1 1 3 1 2 1 1 2 0],0.5986,0.4014,18
GxGx(GiGyGyGx)^4,2171,7829,"[1, 1, 3, 2, 2, 1, 3, 2, 2, 1, 3, 2, 2, 1, 3, 2, 2, 1]",[1 1 3 2 2 1 3 2 2 1 3 2 2 1 3 2 2 1 0],0.2171,0.7829,18
Gy(GiGyGyGx)^4Gy,4238,5762,"[2, 3, 2, 2, 1, 3, 2, 2, 1, 3, 2, 2, 1, 3, 2, 2, 1, 2]",[2 3 2 2 1 3 2 2 1 3 2 2 1 3 2 2 1 2 0],0.4238,0.5762,18
Gy(GiGyGyGx)^4Gx,7327,2673,"[2, 3, 2, 2, 1, 3, 2, 2, 1, 3, 2, 2, 1, 3, 2, 2, 1, 1]",[2 3 2 2 1 3 2 2 1 3 2 2 1 3 2 2 1 1 0],0.7327,0.2673,18
Gy(GxGy)^8Gx,6561,3439,"[2, 1, 2, 1, 2, 1, 2, 1, 2, 1, 2, 1, 2, 1, 2, 1, 2, 1]",[2 1 2 1 2 1 2 1 2 1 2 1 2 1 2 1 2 1 0],0.6561,0.3439,18
Gx(GiGyGyGx)^4Gy,2694,7306,"[1, 3, 2, 2, 1, 3, 2, 2, 1, 3, 2, 2, 1, 3, 2, 2, 1, 2]",[1 3 2 2 1 3 2 2 1 3 2 2 1 3 2 2 1 2 0],0.2694,0.7306,18
Gy(GxGy)^8Gy,1612,8388,"[2, 1, 2, 1, 2, 1, 2, 1, 2, 1, 2, 1, 2, 1, 2, 1, 2, 2]",[2 1 2 1 2 1 2 1 2 1 2 1 2 1 2 1 2 2 0],0.1612,0.8388,18
GxGx(GxGy)^8,1457,8543,"[1, 1, 1, 2, 1, 2, 1, 2, 1, 2, 1, 2, 1, 2, 1, 2, 1, 2]",[1 1 1 2 1 2 1 2 1 2 1 2 1 2 1 2 1 2 0],0.1457,0.8543,18
GxGx(GiGxGx)^5Gx,773,9227,"[1, 1, 3, 1, 1, 3, 1, 1, 3, 1, 1, 3, 1, 1, 3, 1, 1, 1]",[1 1 3 1 1 3 1 1 3 1 1 3 1 1 3 1 1 1 0],0.0773,0.9227,18
Gx(GxGy)^8Gx,1598,8402,"[1, 1, 2, 1, 2, 1, 2, 1, 2, 1, 2, 1, 2, 1, 2, 1, 2, 1]",[1 1 2 1 2 1 2 1 2 1 2 1 2 1 2 1 2 1 0],0.1598,0.8402,18
Gx(GiGyGyGx)^4Gx,2098,7902,"[1, 3, 2, 2, 1, 3, 2, 2, 1, 3, 2, 2, 1, 3, 2, 2, 1, 1]",[1 3 2 2 1 3 2 2 1 3 2 2 1 3 2 2 1 1 0],0.2098,0.7902,18
GxGx(GiGxGx)^5Gy,4790,5210,"[1, 1, 3, 1, 1, 3, 1, 1, 3, 1, 1, 3, 1, 1, 3, 1, 1, 2]",[1 1 3 1 1 3 1 1 3 1 1 3 1 1 3 1 1 2 0],0.479,0.521,18
GxGx(Gy)^16Gy,4181,5819,"[1, 1, 2, 2, 2, 2, 2, 2, 2, 2, 2, 2, 2, 2, 2, 2, 2, 2, 2]",[1 1 2 2 2 2 2 2 2 2 2 2 2 2 2 2 2 2 2],0.4181,0.5819,19
GxGx(GiGxGyGx)^4Gx,7387,2613,"[1, 1, 3, 1, 2, 1, 3, 1, 2, 1, 3, 1, 2, 1, 3, 1, 2, 1, 1]",[1 1 3 1 2 1 3 1 2 1 3 1 2 1 3 1 2 1 1],0.7387,0.2613,19
GxGx(GiGxGyGx)^4Gy,7087,2913,"[1, 1, 3, 1, 2, 1, 3, 1, 2, 1, 3, 1, 2, 1, 3, 1, 2, 1, 2]",[1 1 3 1 2 1 3 1 2 1 3 1 2 1 3 1 2 1 2],0.7087,0.2913,19
GxGx(Gi)^16Gx,6365,3635,"[1, 1, 3, 3, 3, 3, 3, 3, 3, 3, 3, 3, 3, 3, 3, 3, 3, 3, 1]",[1 1 3 3 3 3 3 3 3 3 3 3 3 3 3 3 3 3 1],0.6365,0.3635,19
GxGx(Gi)^16Gy,5930,4070,"[1, 1, 3, 3, 3, 3, 3, 3, 3, 3, 3, 3, 3, 3, 3, 3, 3, 3, 2]",[1 1 3 3 3 3 3 3 3 3 3 3 3 3 3 3 3 3 2],0.593,0.407,19
GxGx(GxGxGxGy)^4Gx,1591,8409,"[1, 1, 1, 1, 1, 2, 1, 1, 1, 2, 1, 1, 1, 2, 1, 1, 1, 2, 1]",[1 1 1 1 1 2 1 1 1 2 1 1 1 2 1 1 1 2 1],0.1591,0.8409,19
GxGx(GxGy)^8Gy,4208,5792,"[1, 1, 1, 2, 1, 2, 1, 2, 1, 2, 1, 2, 1, 2, 1, 2, 1, 2, 2]",[1 1 1 2 1 2 1 2 1 2 1 2 1 2 1 2 1 2 2],0.4208,0.5792,19
GxGx(Gx)^16Gx,8875,1125,"[1, 1, 1, 1, 1, 1, 1, 1, 1, 1, 1, 1, 1, 1, 1, 1, 1, 1, 1]",[1 1 1 1 1 1 1 1 1 1 1 1 1 1 1 1 1 1 1],0.8875,0.1125,19
GxGx(Gx)^16Gy,4879,5121,"[1, 1, 1, 1, 1, 1, 1, 1, 1, 1, 1, 1, 1, 1, 1, 1, 1, 1, 2]",[1 1 1 1 1 1 1 1 1 1 1 1 1 1 1 1 1 1 2],0.4879,0.5121,19
GxGx(GxGy)^8Gx,5038,4962,"[1, 1, 1, 2, 1, 2, 1, 2, 1, 2, 1, 2, 1, 2, 1, 2, 1, 2, 1]",[1 1 1 2 1 2 1 2 1 2 1 2 1 2 1 2 1 2 1],0.5038,0.4962,19
GxGx(GiGyGyGx)^4Gy,8103,1897,"[1, 1, 3, 2, 2, 1, 3, 2, 2, 1, 3, 2, 2, 1, 3, 2, 2, 1, 2]",[1 1 3 2 2 1 3 2 2 1 3 2 2 1 3 2 2 1 2],0.8103,0.1897,19
GxGx(Gy)^16Gx,5438,4562,"[1, 1, 2, 2, 2, 2, 2, 2, 2, 2, 2, 2, 2, 2, 2, 2, 2, 2, 1]",[1 1 2 2 2 2 2 2 2 2 2 2 2 2 2 2 2 2 1],0.5438,0.4562,19
GxGx(GiGyGxGx)^4Gy,6150,3850,"[1, 1, 3, 2, 1, 1, 3, 2, 1, 1, 3, 2, 1, 1, 3, 2, 1, 1, 2]",[1 1 3 2 1 1 3 2 1 1 3 2 1 1 3 2 1 1 2],0.615,0.385,19
GxGx(GiGyGxGx)^4Gx,7344,2656,"[1, 1, 3, 2, 1, 1, 3, 2, 1, 1, 3, 2, 1, 1, 3, 2, 1, 1, 1]",[1 1 3 2 1 1 3 2 1 1 3 2 1 1 3 2 1 1 1],0.7344,0.2656,19
GxGx(GxGxGxGy)^4Gy,6894,3106,"[1, 1, 1, 1, 1, 2, 1, 1, 1, 2, 1, 1, 1, 2, 1, 1, 1, 2, 2]",[1 1 1 1 1 2 1 1 1 2 1 1 1 2 1 1 1 2 2],0.6894,0.3106,19
GxGx(GiGyGyGx)^4Gx,4419,5581,"[1, 1, 3, 2, 2, 1, 3, 2, 2, 1, 3, 2, 2, 1, 3, 2, 2, 1, 1]",[1 1 3 2 2 1 3 2 2 1 3 2 2 1 3 2 2 1 1],0.4419,0.5581,19
