String,Count_1,Count_2,Encoded,Padded,Prob_1,Prob_2
Gy,485,515,2,"2, 0, 0, 0, 0, 0, 0, 0, 0, 0, 0, 0, 0, 0, 0, 0, 0, 0, 0, 0",0.485,0.515
GxGx,509,491,"1, 1","1, 1, 0, 0, 0, 0, 0, 0, 0, 0, 0, 0, 0, 0, 0, 0, 0, 0, 0, 0",0.509,0.491
GyGy,0,1000,"2, 2","2, 2, 0, 0, 0, 0, 0, 0, 0, 0, 0, 0, 0, 0, 0, 0, 0, 0, 0, 0",0.0,1.0
GyGyGy,487,513,"2, 2, 2","2, 2, 2, 0, 0, 0, 0, 0, 0, 0, 0, 0, 0, 0, 0, 0, 0, 0, 0, 0",0.487,0.513
GyGyGxGx,534,466,"2, 2, 1, 1","2, 2, 1, 1, 0, 0, 0, 0, 0, 0, 0, 0, 0, 0, 0, 0, 0, 0, 0, 0",0.534,0.466
GxGxGy,500,500,"1, 1, 2","1, 1, 2, 0, 0, 0, 0, 0, 0, 0, 0, 0, 0, 0, 0, 0, 0, 0, 0, 0",0.5,0.5
GxGxGxGx,0,1000,"1, 1, 1, 1","1, 1, 1, 1, 0, 0, 0, 0, 0, 0, 0, 0, 0, 0, 0, 0, 0, 0, 0, 0",0.0,1.0
GyGxGx,471,529,"2, 1, 1","2, 1, 1, 0, 0, 0, 0, 0, 0, 0, 0, 0, 0, 0, 0, 0, 0, 0, 0, 0",0.471,0.529
(Gi),1000,0,3,"3, 0, 0, 0, 0, 0, 0, 0, 0, 0, 0, 0, 0, 0, 0, 0, 0, 0, 0, 0",1.0,0.0
(Gi)Gy,477,523,"3, 2","3, 2, 0, 0, 0, 0, 0, 0, 0, 0, 0, 0, 0, 0, 0, 0, 0, 0, 0, 0",0.477,0.523
(Gi)GxGx,497,503,"3, 1, 1","3, 1, 1, 0, 0, 0, 0, 0, 0, 0, 0, 0, 0, 0, 0, 0, 0, 0, 0, 0",0.497,0.503
GyGy(Gi),0,1000,"2, 2, 3","2, 2, 3, 0, 0, 0, 0, 0, 0, 0, 0, 0, 0, 0, 0, 0, 0, 0, 0, 0",0.0,1.0
GyGy(Gi)Gy,487,513,"2, 2, 3, 2","2, 2, 3, 2, 0, 0, 0, 0, 0, 0, 0, 0, 0, 0, 0, 0, 0, 0, 0, 0",0.487,0.513
GyGy(Gi)GxGx,483,517,"2, 2, 3, 1, 1","2, 2, 3, 1, 1, 0, 0, 0, 0, 0, 0, 0, 0, 0, 0, 0, 0, 0, 0, 0",0.483,0.517
GxGx(Gi),491,509,"1, 1, 3","1, 1, 3, 0, 0, 0, 0, 0, 0, 0, 0, 0, 0, 0, 0, 0, 0, 0, 0, 0",0.491,0.509
GxGx(Gi)Gy,498,502,"1, 1, 3, 2","1, 1, 3, 2, 0, 0, 0, 0, 0, 0, 0, 0, 0, 0, 0, 0, 0, 0, 0, 0",0.498,0.502
GxGx(Gi)GxGx,0,1000,"1, 1, 3, 1, 1","1, 1, 3, 1, 1, 0, 0, 0, 0, 0, 0, 0, 0, 0, 0, 0, 0, 0, 0, 0",0.0,1.0
Gy(Gi),505,495,"2, 3","2, 3, 0, 0, 0, 0, 0, 0, 0, 0, 0, 0, 0, 0, 0, 0, 0, 0, 0, 0",0.505,0.495
Gy(Gi)Gy,0,1000,"2, 3, 2","2, 3, 2, 0, 0, 0, 0, 0, 0, 0, 0, 0, 0, 0, 0, 0, 0, 0, 0, 0",0.0,1.0
Gy(Gi)GxGx,469,531,"2, 3, 1, 1","2, 3, 1, 1, 0, 0, 0, 0, 0, 0, 0, 0, 0, 0, 0, 0, 0, 0, 0, 0",0.469,0.531
(Gx),879,121,1,"1, 0, 0, 0, 0, 0, 0, 0, 0, 0, 0, 0, 0, 0, 0, 0, 0, 0, 0, 0",0.879,0.121
(Gx)Gy,476,524,"1, 2","1, 2, 0, 0, 0, 0, 0, 0, 0, 0, 0, 0, 0, 0, 0, 0, 0, 0, 0, 0",0.476,0.524
(Gx)GxGx,151,849,"1, 1, 1","1, 1, 1, 0, 0, 0, 0, 0, 0, 0, 0, 0, 0, 0, 0, 0, 0, 0, 0, 0",0.151,0.849
GyGy(Gx),163,837,"2, 2, 1","2, 2, 1, 0, 0, 0, 0, 0, 0, 0, 0, 0, 0, 0, 0, 0, 0, 0, 0, 0",0.163,0.837
GyGy(Gx)Gy,515,485,"2, 2, 1, 2","2, 2, 1, 2, 0, 0, 0, 0, 0, 0, 0, 0, 0, 0, 0, 0, 0, 0, 0, 0",0.515,0.485
GyGy(Gx)GxGx,839,161,"2, 2, 1, 1, 1","2, 2, 1, 1, 1, 0, 0, 0, 0, 0, 0, 0, 0, 0, 0, 0, 0, 0, 0, 0",0.839,0.161
GxGx(Gx)Gy,510,490,"1, 1, 1, 2","1, 1, 1, 2, 0, 0, 0, 0, 0, 0, 0, 0, 0, 0, 0, 0, 0, 0, 0, 0",0.51,0.49
GxGx(Gx)GxGx,134,866,"1, 1, 1, 1, 1","1, 1, 1, 1, 1, 0, 0, 0, 0, 0, 0, 0, 0, 0, 0, 0, 0, 0, 0, 0",0.134,0.866
Gy(Gx),508,492,"2, 1","2, 1, 0, 0, 0, 0, 0, 0, 0, 0, 0, 0, 0, 0, 0, 0, 0, 0, 0, 0",0.508,0.492
Gy(Gx)Gy,0,1000,"2, 1, 2","2, 1, 2, 0, 0, 0, 0, 0, 0, 0, 0, 0, 0, 0, 0, 0, 0, 0, 0, 0",0.0,1.0
Gy(Gx)GxGx,516,484,"2, 1, 1, 1","2, 1, 1, 1, 0, 0, 0, 0, 0, 0, 0, 0, 0, 0, 0, 0, 0, 0, 0, 0",0.516,0.484
GyGy(Gy)Gy,1000,0,"2, 2, 2, 2","2, 2, 2, 2, 0, 0, 0, 0, 0, 0, 0, 0, 0, 0, 0, 0, 0, 0, 0, 0",1.0,0.0
GyGy(Gy)GxGx,488,512,"2, 2, 2, 1, 1","2, 2, 2, 1, 1, 0, 0, 0, 0, 0, 0, 0, 0, 0, 0, 0, 0, 0, 0, 0",0.488,0.512
GxGx(Gy)Gy,549,451,"1, 1, 2, 2","1, 1, 2, 2, 0, 0, 0, 0, 0, 0, 0, 0, 0, 0, 0, 0, 0, 0, 0, 0",0.549,0.451
GxGx(Gy)GxGx,0,1000,"1, 1, 2, 1, 1","1, 1, 2, 1, 1, 0, 0, 0, 0, 0, 0, 0, 0, 0, 0, 0, 0, 0, 0, 0",0.0,1.0
(Gi)^2,1000,0,"3, 3","3, 3, 0, 0, 0, 0, 0, 0, 0, 0, 0, 0, 0, 0, 0, 0, 0, 0, 0, 0",1.0,0.0
(Gi)^2Gy,488,512,"3, 3, 2","3, 3, 2, 0, 0, 0, 0, 0, 0, 0, 0, 0, 0, 0, 0, 0, 0, 0, 0, 0",0.488,0.512
(Gi)^2GxGx,498,502,"3, 3, 1, 1","3, 3, 1, 1, 0, 0, 0, 0, 0, 0, 0, 0, 0, 0, 0, 0, 0, 0, 0, 0",0.498,0.502
GyGy(Gi)^2,0,1000,"2, 2, 3, 3","2, 2, 3, 3, 0, 0, 0, 0, 0, 0, 0, 0, 0, 0, 0, 0, 0, 0, 0, 0",0.0,1.0
GyGy(Gi)^2Gy,502,498,"2, 2, 3, 3, 2","2, 2, 3, 3, 2, 0, 0, 0, 0, 0, 0, 0, 0, 0, 0, 0, 0, 0, 0, 0",0.502,0.498
GyGy(Gi)^2GxGx,509,491,"2, 2, 3, 3, 1, 1","2, 2, 3, 3, 1, 1, 0, 0, 0, 0, 0, 0, 0, 0, 0, 0, 0, 0, 0, 0",0.509,0.491
GxGx(Gi)^2,500,500,"1, 1, 3, 3","1, 1, 3, 3, 0, 0, 0, 0, 0, 0, 0, 0, 0, 0, 0, 0, 0, 0, 0, 0",0.5,0.5
GxGx(Gi)^2Gy,531,469,"1, 1, 3, 3, 2","1, 1, 3, 3, 2, 0, 0, 0, 0, 0, 0, 0, 0, 0, 0, 0, 0, 0, 0, 0",0.531,0.469
GxGx(Gi)^2GxGx,0,1000,"1, 1, 3, 3, 1, 1","1, 1, 3, 3, 1, 1, 0, 0, 0, 0, 0, 0, 0, 0, 0, 0, 0, 0, 0, 0",0.0,1.0
Gy(Gi)^2,485,515,"2, 3, 3","2, 3, 3, 0, 0, 0, 0, 0, 0, 0, 0, 0, 0, 0, 0, 0, 0, 0, 0, 0",0.485,0.515
Gy(Gi)^2Gy,0,1000,"2, 3, 3, 2","2, 3, 3, 2, 0, 0, 0, 0, 0, 0, 0, 0, 0, 0, 0, 0, 0, 0, 0, 0",0.0,1.0
Gy(Gi)^2GxGx,494,506,"2, 3, 3, 1, 1","2, 3, 3, 1, 1, 0, 0, 0, 0, 0, 0, 0, 0, 0, 0, 0, 0, 0, 0, 0",0.494,0.506
GyGy(Gx)^2Gy,506,494,"2, 2, 1, 1, 2","2, 2, 1, 1, 2, 0, 0, 0, 0, 0, 0, 0, 0, 0, 0, 0, 0, 0, 0, 0",0.506,0.494
GyGy(Gx)^2GxGx,1000,0,"2, 2, 1, 1, 1, 1","2, 2, 1, 1, 1, 1, 0, 0, 0, 0, 0, 0, 0, 0, 0, 0, 0, 0, 0, 0",1.0,0.0
GxGx(Gx)^2Gy,500,500,"1, 1, 1, 1, 2","1, 1, 1, 1, 2, 0, 0, 0, 0, 0, 0, 0, 0, 0, 0, 0, 0, 0, 0, 0",0.5,0.5
GxGx(Gx)^2GxGx,506,494,"1, 1, 1, 1, 1, 1","1, 1, 1, 1, 1, 1, 0, 0, 0, 0, 0, 0, 0, 0, 0, 0, 0, 0, 0, 0",0.506,0.494
Gy(Gx)^2Gy,0,1000,"2, 1, 1, 2","2, 1, 1, 2, 0, 0, 0, 0, 0, 0, 0, 0, 0, 0, 0, 0, 0, 0, 0, 0",0.0,1.0
Gy(Gx)^2GxGx,494,506,"2, 1, 1, 1, 1","2, 1, 1, 1, 1, 0, 0, 0, 0, 0, 0, 0, 0, 0, 0, 0, 0, 0, 0, 0",0.494,0.506
GyGy(Gy)^2Gy,518,482,"2, 2, 2, 2, 2","2, 2, 2, 2, 2, 0, 0, 0, 0, 0, 0, 0, 0, 0, 0, 0, 0, 0, 0, 0",0.518,0.482
GyGy(Gy)^2GxGx,474,526,"2, 2, 2, 2, 1, 1","2, 2, 2, 2, 1, 1, 0, 0, 0, 0, 0, 0, 0, 0, 0, 0, 0, 0, 0, 0",0.474,0.526
GxGx(Gy)^2Gy,491,509,"1, 1, 2, 2, 2","1, 1, 2, 2, 2, 0, 0, 0, 0, 0, 0, 0, 0, 0, 0, 0, 0, 0, 0, 0",0.491,0.509
GxGx(Gy)^2GxGx,0,1000,"1, 1, 2, 2, 1, 1","1, 1, 2, 2, 1, 1, 0, 0, 0, 0, 0, 0, 0, 0, 0, 0, 0, 0, 0, 0",0.0,1.0
(Gi)^4,1000,0,"3, 3, 3, 3","3, 3, 3, 3, 0, 0, 0, 0, 0, 0, 0, 0, 0, 0, 0, 0, 0, 0, 0, 0",1.0,0.0
(Gi)^4Gy,484,516,"3, 3, 3, 3, 2","3, 3, 3, 3, 2, 0, 0, 0, 0, 0, 0, 0, 0, 0, 0, 0, 0, 0, 0, 0",0.484,0.516
(Gi)^4GxGx,510,490,"3, 3, 3, 3, 1, 1","3, 3, 3, 3, 1, 1, 0, 0, 0, 0, 0, 0, 0, 0, 0, 0, 0, 0, 0, 0",0.51,0.49
GyGy(Gi)^4,0,1000,"2, 2, 3, 3, 3, 3","2, 2, 3, 3, 3, 3, 0, 0, 0, 0, 0, 0, 0, 0, 0, 0, 0, 0, 0, 0",0.0,1.0
GyGy(Gi)^4Gy,518,482,"2, 2, 3, 3, 3, 3, 2","2, 2, 3, 3, 3, 3, 2, 0, 0, 0, 0, 0, 0, 0, 0, 0, 0, 0, 0, 0",0.518,0.482
GyGy(Gi)^4GxGx,504,496,"2, 2, 3, 3, 3, 3, 1, 1","2, 2, 3, 3, 3, 3, 1, 1, 0, 0, 0, 0, 0, 0, 0, 0, 0, 0, 0, 0",0.504,0.496
GxGx(Gi)^4,472,528,"1, 1, 3, 3, 3, 3","1, 1, 3, 3, 3, 3, 0, 0, 0, 0, 0, 0, 0, 0, 0, 0, 0, 0, 0, 0",0.472,0.528
GxGx(Gi)^4Gy,492,508,"1, 1, 3, 3, 3, 3, 2","1, 1, 3, 3, 3, 3, 2, 0, 0, 0, 0, 0, 0, 0, 0, 0, 0, 0, 0, 0",0.492,0.508
GxGx(Gi)^4GxGx,0,1000,"1, 1, 3, 3, 3, 3, 1, 1","1, 1, 3, 3, 3, 3, 1, 1, 0, 0, 0, 0, 0, 0, 0, 0, 0, 0, 0, 0",0.0,1.0
Gy(Gi)^4,491,509,"2, 3, 3, 3, 3","2, 3, 3, 3, 3, 0, 0, 0, 0, 0, 0, 0, 0, 0, 0, 0, 0, 0, 0, 0",0.491,0.509
Gy(Gi)^4Gy,0,1000,"2, 3, 3, 3, 3, 2","2, 3, 3, 3, 3, 2, 0, 0, 0, 0, 0, 0, 0, 0, 0, 0, 0, 0, 0, 0",0.0,1.0
Gy(Gi)^4GxGx,474,526,"2, 3, 3, 3, 3, 1, 1","2, 3, 3, 3, 3, 1, 1, 0, 0, 0, 0, 0, 0, 0, 0, 0, 0, 0, 0, 0",0.474,0.526
GyGy(Gx)^4Gy,498,502,"2, 2, 1, 1, 1, 1, 2","2, 2, 1, 1, 1, 1, 2, 0, 0, 0, 0, 0, 0, 0, 0, 0, 0, 0, 0, 0",0.498,0.502
GyGy(Gx)^4GxGx,526,474,"2, 2, 1, 1, 1, 1, 1, 1","2, 2, 1, 1, 1, 1, 1, 1, 0, 0, 0, 0, 0, 0, 0, 0, 0, 0, 0, 0",0.526,0.474
GxGx(Gx)^4Gy,523,477,"1, 1, 1, 1, 1, 1, 2","1, 1, 1, 1, 1, 1, 2, 0, 0, 0, 0, 0, 0, 0, 0, 0, 0, 0, 0, 0",0.523,0.477
GxGx(Gx)^4GxGx,1000,0,"1, 1, 1, 1, 1, 1, 1, 1","1, 1, 1, 1, 1, 1, 1, 1, 0, 0, 0, 0, 0, 0, 0, 0, 0, 0, 0, 0",1.0,0.0
Gy(Gx)^4Gy,0,1000,"2, 1, 1, 1, 1, 2","2, 1, 1, 1, 1, 2, 0, 0, 0, 0, 0, 0, 0, 0, 0, 0, 0, 0, 0, 0",0.0,1.0
Gy(Gx)^4GxGx,489,511,"2, 1, 1, 1, 1, 1, 1","2, 1, 1, 1, 1, 1, 1, 0, 0, 0, 0, 0, 0, 0, 0, 0, 0, 0, 0, 0",0.489,0.511
GyGy(Gy)^4,0,1000,"2, 2, 2, 2, 2, 2","2, 2, 2, 2, 2, 2, 0, 0, 0, 0, 0, 0, 0, 0, 0, 0, 0, 0, 0, 0",0.0,1.0
GyGy(Gy)^4Gy,536,464,"2, 2, 2, 2, 2, 2, 2","2, 2, 2, 2, 2, 2, 2, 0, 0, 0, 0, 0, 0, 0, 0, 0, 0, 0, 0, 0",0.536,0.464
GyGy(Gy)^4GxGx,492,508,"2, 2, 2, 2, 2, 2, 1, 1","2, 2, 2, 2, 2, 2, 1, 1, 0, 0, 0, 0, 0, 0, 0, 0, 0, 0, 0, 0",0.492,0.508
GxGx(Gy)^4,512,488,"1, 1, 2, 2, 2, 2","1, 1, 2, 2, 2, 2, 0, 0, 0, 0, 0, 0, 0, 0, 0, 0, 0, 0, 0, 0",0.512,0.488
GxGx(Gy)^4Gy,487,513,"1, 1, 2, 2, 2, 2, 2","1, 1, 2, 2, 2, 2, 2, 0, 0, 0, 0, 0, 0, 0, 0, 0, 0, 0, 0, 0",0.487,0.513
GxGx(Gy)^4GxGx,0,1000,"1, 1, 2, 2, 2, 2, 1, 1","1, 1, 2, 2, 2, 2, 1, 1, 0, 0, 0, 0, 0, 0, 0, 0, 0, 0, 0, 0",0.0,1.0
Gy(Gy)^4GxGx,492,508,"2, 2, 2, 2, 2, 1, 1","2, 2, 2, 2, 2, 1, 1, 0, 0, 0, 0, 0, 0, 0, 0, 0, 0, 0, 0, 0",0.492,0.508
GyGy(GxGxGy)Gy,537,463,"2, 2, 1, 1, 2, 2","2, 2, 1, 1, 2, 2, 0, 0, 0, 0, 0, 0, 0, 0, 0, 0, 0, 0, 0, 0",0.537,0.463
GyGy(GxGxGy)GxGx,1000,0,"2, 2, 1, 1, 2, 1, 1","2, 2, 1, 1, 2, 1, 1, 0, 0, 0, 0, 0, 0, 0, 0, 0, 0, 0, 0, 0",1.0,0.0
GxGx(GxGxGy)Gy,1000,0,"1, 1, 1, 1, 2, 2","1, 1, 1, 1, 2, 2, 0, 0, 0, 0, 0, 0, 0, 0, 0, 0, 0, 0, 0, 0",1.0,0.0
GxGx(GxGxGy)GxGx,514,486,"1, 1, 1, 1, 2, 1, 1","1, 1, 1, 1, 2, 1, 1, 0, 0, 0, 0, 0, 0, 0, 0, 0, 0, 0, 0, 0",0.514,0.486
Gy(GxGxGy)Gy,468,532,"2, 1, 1, 2, 2","2, 1, 1, 2, 2, 0, 0, 0, 0, 0, 0, 0, 0, 0, 0, 0, 0, 0, 0, 0",0.468,0.532
Gy(GxGxGy)GxGx,496,504,"2, 1, 1, 2, 1, 1","2, 1, 1, 2, 1, 1, 0, 0, 0, 0, 0, 0, 0, 0, 0, 0, 0, 0, 0, 0",0.496,0.504
(GiGxGx)Gy,471,529,"3, 1, 1, 2","3, 1, 1, 2, 0, 0, 0, 0, 0, 0, 0, 0, 0, 0, 0, 0, 0, 0, 0, 0",0.471,0.529
(GiGxGx)GxGx,0,1000,"3, 1, 1, 1, 1","3, 1, 1, 1, 1, 0, 0, 0, 0, 0, 0, 0, 0, 0, 0, 0, 0, 0, 0, 0",0.0,1.0
GyGy(GiGxGx)Gy,493,507,"2, 2, 3, 1, 1, 2","2, 2, 3, 1, 1, 2, 0, 0, 0, 0, 0, 0, 0, 0, 0, 0, 0, 0, 0, 0",0.493,0.507
GyGy(GiGxGx)GxGx,1000,0,"2, 2, 3, 1, 1, 1, 1","2, 2, 3, 1, 1, 1, 1, 0, 0, 0, 0, 0, 0, 0, 0, 0, 0, 0, 0, 0",1.0,0.0
GxGx(GiGxGx)Gy,495,505,"1, 1, 3, 1, 1, 2","1, 1, 3, 1, 1, 2, 0, 0, 0, 0, 0, 0, 0, 0, 0, 0, 0, 0, 0, 0",0.495,0.505
GxGx(GiGxGx)GxGx,500,500,"1, 1, 3, 1, 1, 1, 1","1, 1, 3, 1, 1, 1, 1, 0, 0, 0, 0, 0, 0, 0, 0, 0, 0, 0, 0, 0",0.5,0.5
Gy(GiGxGx)Gy,0,1000,"2, 3, 1, 1, 2","2, 3, 1, 1, 2, 0, 0, 0, 0, 0, 0, 0, 0, 0, 0, 0, 0, 0, 0, 0",0.0,1.0
Gy(GiGxGx)GxGx,494,506,"2, 3, 1, 1, 1, 1","2, 3, 1, 1, 1, 1, 0, 0, 0, 0, 0, 0, 0, 0, 0, 0, 0, 0, 0, 0",0.494,0.506
(GiGyGx),475,525,"3, 2, 1","3, 2, 1, 0, 0, 0, 0, 0, 0, 0, 0, 0, 0, 0, 0, 0, 0, 0, 0, 0",0.475,0.525
(GiGyGx)Gy,0,1000,"3, 2, 1, 2","3, 2, 1, 2, 0, 0, 0, 0, 0, 0, 0, 0, 0, 0, 0, 0, 0, 0, 0, 0",0.0,1.0
(GiGyGx)GxGx,467,533,"3, 2, 1, 1, 1","3, 2, 1, 1, 1, 0, 0, 0, 0, 0, 0, 0, 0, 0, 0, 0, 0, 0, 0, 0",0.467,0.533
GyGy(GiGyGx),472,528,"2, 2, 3, 2, 1","2, 2, 3, 2, 1, 0, 0, 0, 0, 0, 0, 0, 0, 0, 0, 0, 0, 0, 0, 0",0.472,0.528
GyGy(GiGyGx)Gy,1000,0,"2, 2, 3, 2, 1, 2","2, 2, 3, 2, 1, 2, 0, 0, 0, 0, 0, 0, 0, 0, 0, 0, 0, 0, 0, 0",1.0,0.0
GyGy(GiGyGx)GxGx,498,502,"2, 2, 3, 2, 1, 1, 1","2, 2, 3, 2, 1, 1, 1, 0, 0, 0, 0, 0, 0, 0, 0, 0, 0, 0, 0, 0",0.498,0.502
GxGx(GiGyGx),133,867,"1, 1, 3, 2, 1","1, 1, 3, 2, 1, 0, 0, 0, 0, 0, 0, 0, 0, 0, 0, 0, 0, 0, 0, 0",0.133,0.867
GxGx(GiGyGx)Gy,502,498,"1, 1, 3, 2, 1, 2","1, 1, 3, 2, 1, 2, 0, 0, 0, 0, 0, 0, 0, 0, 0, 0, 0, 0, 0, 0",0.502,0.498
GxGx(GiGyGx)GxGx,130,870,"1, 1, 3, 2, 1, 1, 1","1, 1, 3, 2, 1, 1, 1, 0, 0, 0, 0, 0, 0, 0, 0, 0, 0, 0, 0, 0",0.13,0.87
Gy(GiGyGx),153,847,"2, 3, 2, 1","2, 3, 2, 1, 0, 0, 0, 0, 0, 0, 0, 0, 0, 0, 0, 0, 0, 0, 0, 0",0.153,0.847
Gy(GiGyGx)Gy,490,510,"2, 3, 2, 1, 2","2, 3, 2, 1, 2, 0, 0, 0, 0, 0, 0, 0, 0, 0, 0, 0, 0, 0, 0, 0",0.49,0.51
Gy(GiGyGx)GxGx,841,159,"2, 3, 2, 1, 1, 1","2, 3, 2, 1, 1, 1, 0, 0, 0, 0, 0, 0, 0, 0, 0, 0, 0, 0, 0, 0",0.841,0.159
(Gi)^8,1000,0,"3, 3, 3, 3, 3, 3, 3, 3","3, 3, 3, 3, 3, 3, 3, 3, 0, 0, 0, 0, 0, 0, 0, 0, 0, 0, 0, 0",1.0,0.0
(Gi)^8Gy,486,514,"3, 3, 3, 3, 3, 3, 3, 3, 2","3, 3, 3, 3, 3, 3, 3, 3, 2, 0, 0, 0, 0, 0, 0, 0, 0, 0, 0, 0",0.486,0.514
(Gi)^8GxGx,482,518,"3, 3, 3, 3, 3, 3, 3, 3, 1, 1","3, 3, 3, 3, 3, 3, 3, 3, 1, 1, 0, 0, 0, 0, 0, 0, 0, 0, 0, 0",0.482,0.518
GyGy(Gi)^8,0,1000,"2, 2, 3, 3, 3, 3, 3, 3, 3, 3","2, 2, 3, 3, 3, 3, 3, 3, 3, 3, 0, 0, 0, 0, 0, 0, 0, 0, 0, 0",0.0,1.0
GyGy(Gi)^8Gy,497,503,"2, 2, 3, 3, 3, 3, 3, 3, 3, 3, 2","2, 2, 3, 3, 3, 3, 3, 3, 3, 3, 2, 0, 0, 0, 0, 0, 0, 0, 0, 0",0.497,0.503
GyGy(Gi)^8GxGx,518,482,"2, 2, 3, 3, 3, 3, 3, 3, 3, 3, 1, 1","2, 2, 3, 3, 3, 3, 3, 3, 3, 3, 1, 1, 0, 0, 0, 0, 0, 0, 0, 0",0.518,0.482
GxGx(Gi)^8,492,508,"1, 1, 3, 3, 3, 3, 3, 3, 3, 3","1, 1, 3, 3, 3, 3, 3, 3, 3, 3, 0, 0, 0, 0, 0, 0, 0, 0, 0, 0",0.492,0.508
GxGx(Gi)^8Gy,490,510,"1, 1, 3, 3, 3, 3, 3, 3, 3, 3, 2","1, 1, 3, 3, 3, 3, 3, 3, 3, 3, 2, 0, 0, 0, 0, 0, 0, 0, 0, 0",0.49,0.51
GxGx(Gi)^8GxGx,0,1000,"1, 1, 3, 3, 3, 3, 3, 3, 3, 3, 1, 1","1, 1, 3, 3, 3, 3, 3, 3, 3, 3, 1, 1, 0, 0, 0, 0, 0, 0, 0, 0",0.0,1.0
Gy(Gi)^8,480,520,"2, 3, 3, 3, 3, 3, 3, 3, 3","2, 3, 3, 3, 3, 3, 3, 3, 3, 0, 0, 0, 0, 0, 0, 0, 0, 0, 0, 0",0.48,0.52
Gy(Gi)^8Gy,0,1000,"2, 3, 3, 3, 3, 3, 3, 3, 3, 2","2, 3, 3, 3, 3, 3, 3, 3, 3, 2, 0, 0, 0, 0, 0, 0, 0, 0, 0, 0",0.0,1.0
Gy(Gi)^8GxGx,487,513,"2, 3, 3, 3, 3, 3, 3, 3, 3, 1, 1","2, 3, 3, 3, 3, 3, 3, 3, 3, 1, 1, 0, 0, 0, 0, 0, 0, 0, 0, 0",0.487,0.513
(Gx)^8Gy,505,495,"1, 1, 1, 1, 1, 1, 1, 1, 2","1, 1, 1, 1, 1, 1, 1, 1, 2, 0, 0, 0, 0, 0, 0, 0, 0, 0, 0, 0",0.505,0.495
(Gx)^8GxGx,517,483,"1, 1, 1, 1, 1, 1, 1, 1, 1, 1","1, 1, 1, 1, 1, 1, 1, 1, 1, 1, 0, 0, 0, 0, 0, 0, 0, 0, 0, 0",0.517,0.483
GyGy(Gx)^8,0,1000,"2, 2, 1, 1, 1, 1, 1, 1, 1, 1","2, 2, 1, 1, 1, 1, 1, 1, 1, 1, 0, 0, 0, 0, 0, 0, 0, 0, 0, 0",0.0,1.0
GyGy(Gx)^8Gy,509,491,"2, 2, 1, 1, 1, 1, 1, 1, 1, 1, 2","2, 2, 1, 1, 1, 1, 1, 1, 1, 1, 2, 0, 0, 0, 0, 0, 0, 0, 0, 0",0.509,0.491
GyGy(Gx)^8GxGx,517,483,"2, 2, 1, 1, 1, 1, 1, 1, 1, 1, 1, 1","2, 2, 1, 1, 1, 1, 1, 1, 1, 1, 1, 1, 0, 0, 0, 0, 0, 0, 0, 0",0.517,0.483
GxGx(Gx)^8Gy,475,525,"1, 1, 1, 1, 1, 1, 1, 1, 1, 1, 2","1, 1, 1, 1, 1, 1, 1, 1, 1, 1, 2, 0, 0, 0, 0, 0, 0, 0, 0, 0",0.475,0.525
GxGx(Gx)^8GxGx,0,1000,"1, 1, 1, 1, 1, 1, 1, 1, 1, 1, 1, 1","1, 1, 1, 1, 1, 1, 1, 1, 1, 1, 1, 1, 0, 0, 0, 0, 0, 0, 0, 0",0.0,1.0
Gy(Gx)^8,490,510,"2, 1, 1, 1, 1, 1, 1, 1, 1","2, 1, 1, 1, 1, 1, 1, 1, 1, 0, 0, 0, 0, 0, 0, 0, 0, 0, 0, 0",0.49,0.51
Gy(Gx)^8Gy,0,1000,"2, 1, 1, 1, 1, 1, 1, 1, 1, 2","2, 1, 1, 1, 1, 1, 1, 1, 1, 2, 0, 0, 0, 0, 0, 0, 0, 0, 0, 0",0.0,1.0
Gy(Gx)^8GxGx,476,524,"2, 1, 1, 1, 1, 1, 1, 1, 1, 1, 1","2, 1, 1, 1, 1, 1, 1, 1, 1, 1, 1, 0, 0, 0, 0, 0, 0, 0, 0, 0",0.476,0.524
(Gy)^8,1000,0,"2, 2, 2, 2, 2, 2, 2, 2","2, 2, 2, 2, 2, 2, 2, 2, 0, 0, 0, 0, 0, 0, 0, 0, 0, 0, 0, 0",1.0,0.0
(Gy)^8Gy,483,517,"2, 2, 2, 2, 2, 2, 2, 2, 2","2, 2, 2, 2, 2, 2, 2, 2, 2, 0, 0, 0, 0, 0, 0, 0, 0, 0, 0, 0",0.483,0.517
(Gy)^8GxGx,490,510,"2, 2, 2, 2, 2, 2, 2, 2, 1, 1","2, 2, 2, 2, 2, 2, 2, 2, 1, 1, 0, 0, 0, 0, 0, 0, 0, 0, 0, 0",0.49,0.51
GyGy(Gy)^8,0,1000,"2, 2, 2, 2, 2, 2, 2, 2, 2, 2","2, 2, 2, 2, 2, 2, 2, 2, 2, 2, 0, 0, 0, 0, 0, 0, 0, 0, 0, 0",0.0,1.0
GyGy(Gy)^8Gy,511,489,"2, 2, 2, 2, 2, 2, 2, 2, 2, 2, 2","2, 2, 2, 2, 2, 2, 2, 2, 2, 2, 2, 0, 0, 0, 0, 0, 0, 0, 0, 0",0.511,0.489
GyGy(Gy)^8GxGx,517,483,"2, 2, 2, 2, 2, 2, 2, 2, 2, 2, 1, 1","2, 2, 2, 2, 2, 2, 2, 2, 2, 2, 1, 1, 0, 0, 0, 0, 0, 0, 0, 0",0.517,0.483
GxGx(Gy)^8,529,471,"1, 1, 2, 2, 2, 2, 2, 2, 2, 2","1, 1, 2, 2, 2, 2, 2, 2, 2, 2, 0, 0, 0, 0, 0, 0, 0, 0, 0, 0",0.529,0.471
GxGx(Gy)^8Gy,518,482,"1, 1, 2, 2, 2, 2, 2, 2, 2, 2, 2","1, 1, 2, 2, 2, 2, 2, 2, 2, 2, 2, 0, 0, 0, 0, 0, 0, 0, 0, 0",0.518,0.482
GxGx(Gy)^8GxGx,0,1000,"1, 1, 2, 2, 2, 2, 2, 2, 2, 2, 1, 1","1, 1, 2, 2, 2, 2, 2, 2, 2, 2, 1, 1, 0, 0, 0, 0, 0, 0, 0, 0",0.0,1.0
Gy(Gy)^8GxGx,479,521,"2, 2, 2, 2, 2, 2, 2, 2, 2, 1, 1","2, 2, 2, 2, 2, 2, 2, 2, 2, 1, 1, 0, 0, 0, 0, 0, 0, 0, 0, 0",0.479,0.521
(GxGxGy)^2,510,490,"1, 1, 2, 1, 1, 2","1, 1, 2, 1, 1, 2, 0, 0, 0, 0, 0, 0, 0, 0, 0, 0, 0, 0, 0, 0",0.51,0.49
(GxGxGy)^2Gy,1000,0,"1, 1, 2, 1, 1, 2, 2","1, 1, 2, 1, 1, 2, 2, 0, 0, 0, 0, 0, 0, 0, 0, 0, 0, 0, 0, 0",1.0,0.0
(GxGxGy)^2GxGx,505,495,"1, 1, 2, 1, 1, 2, 1, 1","1, 1, 2, 1, 1, 2, 1, 1, 0, 0, 0, 0, 0, 0, 0, 0, 0, 0, 0, 0",0.505,0.495
GyGy(GxGxGy)^2,464,536,"2, 2, 1, 1, 2, 1, 1, 2","2, 2, 1, 1, 2, 1, 1, 2, 0, 0, 0, 0, 0, 0, 0, 0, 0, 0, 0, 0",0.464,0.536
GyGy(GxGxGy)^2Gy,0,1000,"2, 2, 1, 1, 2, 1, 1, 2, 2","2, 2, 1, 1, 2, 1, 1, 2, 2, 0, 0, 0, 0, 0, 0, 0, 0, 0, 0, 0",0.0,1.0
GyGy(GxGxGy)^2GxGx,499,501,"2, 2, 1, 1, 2, 1, 1, 2, 1, 1","2, 2, 1, 1, 2, 1, 1, 2, 1, 1, 0, 0, 0, 0, 0, 0, 0, 0, 0, 0",0.499,0.501
GxGx(GxGxGy)^2,1000,0,"1, 1, 1, 1, 2, 1, 1, 2","1, 1, 1, 1, 2, 1, 1, 2, 0, 0, 0, 0, 0, 0, 0, 0, 0, 0, 0, 0",1.0,0.0
GxGx(GxGxGy)^2Gy,504,496,"1, 1, 1, 1, 2, 1, 1, 2, 2","1, 1, 1, 1, 2, 1, 1, 2, 2, 0, 0, 0, 0, 0, 0, 0, 0, 0, 0, 0",0.504,0.496
GxGx(GxGxGy)^2GxGx,461,539,"1, 1, 1, 1, 2, 1, 1, 2, 1, 1","1, 1, 1, 1, 2, 1, 1, 2, 1, 1, 0, 0, 0, 0, 0, 0, 0, 0, 0, 0",0.461,0.539
Gy(GxGxGy)^2,510,490,"2, 1, 1, 2, 1, 1, 2","2, 1, 1, 2, 1, 1, 2, 0, 0, 0, 0, 0, 0, 0, 0, 0, 0, 0, 0, 0",0.51,0.49
Gy(GxGxGy)^2Gy,496,504,"2, 1, 1, 2, 1, 1, 2, 2","2, 1, 1, 2, 1, 1, 2, 2, 0, 0, 0, 0, 0, 0, 0, 0, 0, 0, 0, 0",0.496,0.504
Gy(GxGxGy)^2GxGx,1000,0,"2, 1, 1, 2, 1, 1, 2, 1, 1","2, 1, 1, 2, 1, 1, 2, 1, 1, 0, 0, 0, 0, 0, 0, 0, 0, 0, 0, 0",1.0,0.0
(GiGxGx)^2,0,1000,"3, 1, 1, 3, 1, 1","3, 1, 1, 3, 1, 1, 0, 0, 0, 0, 0, 0, 0, 0, 0, 0, 0, 0, 0, 0",0.0,1.0
(GiGxGx)^2Gy,495,505,"3, 1, 1, 3, 1, 1, 2","3, 1, 1, 3, 1, 1, 2, 0, 0, 0, 0, 0, 0, 0, 0, 0, 0, 0, 0, 0",0.495,0.505
(GiGxGx)^2GxGx,506,494,"3, 1, 1, 3, 1, 1, 1, 1","3, 1, 1, 3, 1, 1, 1, 1, 0, 0, 0, 0, 0, 0, 0, 0, 0, 0, 0, 0",0.506,0.494
GyGy(GiGxGx)^2,1000,0,"2, 2, 3, 1, 1, 3, 1, 1","2, 2, 3, 1, 1, 3, 1, 1, 0, 0, 0, 0, 0, 0, 0, 0, 0, 0, 0, 0",1.0,0.0
GyGy(GiGxGx)^2Gy,498,502,"2, 2, 3, 1, 1, 3, 1, 1, 2","2, 2, 3, 1, 1, 3, 1, 1, 2, 0, 0, 0, 0, 0, 0, 0, 0, 0, 0, 0",0.498,0.502
GyGy(GiGxGx)^2GxGx,500,500,"2, 2, 3, 1, 1, 3, 1, 1, 1, 1","2, 2, 3, 1, 1, 3, 1, 1, 1, 1, 0, 0, 0, 0, 0, 0, 0, 0, 0, 0",0.5,0.5
GxGx(GiGxGx)^2,509,491,"1, 1, 3, 1, 1, 3, 1, 1","1, 1, 3, 1, 1, 3, 1, 1, 0, 0, 0, 0, 0, 0, 0, 0, 0, 0, 0, 0",0.509,0.491
GxGx(GiGxGx)^2Gy,515,485,"1, 1, 3, 1, 1, 3, 1, 1, 2","1, 1, 3, 1, 1, 3, 1, 1, 2, 0, 0, 0, 0, 0, 0, 0, 0, 0, 0, 0",0.515,0.485
GxGx(GiGxGx)^2GxGx,1000,0,"1, 1, 3, 1, 1, 3, 1, 1, 1, 1","1, 1, 3, 1, 1, 3, 1, 1, 1, 1, 0, 0, 0, 0, 0, 0, 0, 0, 0, 0",1.0,0.0
Gy(GiGxGx)^2,477,523,"2, 3, 1, 1, 3, 1, 1","2, 3, 1, 1, 3, 1, 1, 0, 0, 0, 0, 0, 0, 0, 0, 0, 0, 0, 0, 0",0.477,0.523
Gy(GiGxGx)^2Gy,0,1000,"2, 3, 1, 1, 3, 1, 1, 2","2, 3, 1, 1, 3, 1, 1, 2, 0, 0, 0, 0, 0, 0, 0, 0, 0, 0, 0, 0",0.0,1.0
Gy(GiGxGx)^2GxGx,501,499,"2, 3, 1, 1, 3, 1, 1, 1, 1","2, 3, 1, 1, 3, 1, 1, 1, 1, 0, 0, 0, 0, 0, 0, 0, 0, 0, 0, 0",0.501,0.499
(GiGyGx)^2,137,863,"3, 2, 1, 3, 2, 1","3, 2, 1, 3, 2, 1, 0, 0, 0, 0, 0, 0, 0, 0, 0, 0, 0, 0, 0, 0",0.137,0.863
(GiGyGx)^2Gy,486,514,"3, 2, 1, 3, 2, 1, 2","3, 2, 1, 3, 2, 1, 2, 0, 0, 0, 0, 0, 0, 0, 0, 0, 0, 0, 0, 0",0.486,0.514
(GiGyGx)^2GxGx,857,143,"3, 2, 1, 3, 2, 1, 1, 1","3, 2, 1, 3, 2, 1, 1, 1, 0, 0, 0, 0, 0, 0, 0, 0, 0, 0, 0, 0",0.857,0.143
GyGy(GiGyGx)^2,837,163,"2, 2, 3, 2, 1, 3, 2, 1","2, 2, 3, 2, 1, 3, 2, 1, 0, 0, 0, 0, 0, 0, 0, 0, 0, 0, 0, 0",0.837,0.163
GyGy(GiGyGx)^2Gy,533,467,"2, 2, 3, 2, 1, 3, 2, 1, 2","2, 2, 3, 2, 1, 3, 2, 1, 2, 0, 0, 0, 0, 0, 0, 0, 0, 0, 0, 0",0.533,0.467
GyGy(GiGyGx)^2GxGx,150,850,"2, 2, 3, 2, 1, 3, 2, 1, 1, 1","2, 2, 3, 2, 1, 3, 2, 1, 1, 1, 0, 0, 0, 0, 0, 0, 0, 0, 0, 0",0.15,0.85
GxGx(GiGyGx)^2,281,719,"1, 1, 3, 2, 1, 3, 2, 1","1, 1, 3, 2, 1, 3, 2, 1, 0, 0, 0, 0, 0, 0, 0, 0, 0, 0, 0, 0",0.281,0.719
GxGx(GiGyGx)^2Gy,865,135,"1, 1, 3, 2, 1, 3, 2, 1, 2","1, 1, 3, 2, 1, 3, 2, 1, 2, 0, 0, 0, 0, 0, 0, 0, 0, 0, 0, 0",0.865,0.135
GxGx(GiGyGx)^2GxGx,255,745,"1, 1, 3, 2, 1, 3, 2, 1, 1, 1","1, 1, 3, 2, 1, 3, 2, 1, 1, 1, 0, 0, 0, 0, 0, 0, 0, 0, 0, 0",0.255,0.745
Gy(GiGyGx)^2,740,260,"2, 3, 2, 1, 3, 2, 1","2, 3, 2, 1, 3, 2, 1, 0, 0, 0, 0, 0, 0, 0, 0, 0, 0, 0, 0, 0",0.74,0.26
Gy(GiGyGx)^2Gy,866,134,"2, 3, 2, 1, 3, 2, 1, 2","2, 3, 2, 1, 3, 2, 1, 2, 0, 0, 0, 0, 0, 0, 0, 0, 0, 0, 0, 0",0.866,0.134
Gy(GiGyGx)^2GxGx,723,277,"2, 3, 2, 1, 3, 2, 1, 1, 1","2, 3, 2, 1, 3, 2, 1, 1, 1, 0, 0, 0, 0, 0, 0, 0, 0, 0, 0, 0",0.723,0.277
(GiGyGxGxGyGy),529,471,"3, 2, 1, 1, 2, 2","3, 2, 1, 1, 2, 2, 0, 0, 0, 0, 0, 0, 0, 0, 0, 0, 0, 0, 0, 0",0.529,0.471
(GiGyGxGxGyGy)Gy,1000,0,"3, 2, 1, 1, 2, 2, 2","3, 2, 1, 1, 2, 2, 2, 0, 0, 0, 0, 0, 0, 0, 0, 0, 0, 0, 0, 0",1.0,0.0
(GiGyGxGxGyGy)GxGx,507,493,"3, 2, 1, 1, 2, 2, 1, 1","3, 2, 1, 1, 2, 2, 1, 1, 0, 0, 0, 0, 0, 0, 0, 0, 0, 0, 0, 0",0.507,0.493
GyGy(GiGyGxGxGyGy),527,473,"2, 2, 3, 2, 1, 1, 2, 2","2, 2, 3, 2, 1, 1, 2, 2, 0, 0, 0, 0, 0, 0, 0, 0, 0, 0, 0, 0",0.527,0.473
GyGy(GiGyGxGxGyGy)Gy,0,1000,"2, 2, 3, 2, 1, 1, 2, 2, 2","2, 2, 3, 2, 1, 1, 2, 2, 2, 0, 0, 0, 0, 0, 0, 0, 0, 0, 0, 0",0.0,1.0
GyGy(GiGyGxGxGyGy)GxGx,525,475,"2, 2, 3, 2, 1, 1, 2, 2, 1, 1","2, 2, 3, 2, 1, 1, 2, 2, 1, 1, 0, 0, 0, 0, 0, 0, 0, 0, 0, 0",0.525,0.475
GxGx(GiGyGxGxGyGy),1000,0,"1, 1, 3, 2, 1, 1, 2, 2","1, 1, 3, 2, 1, 1, 2, 2, 0, 0, 0, 0, 0, 0, 0, 0, 0, 0, 0, 0",1.0,0.0
GxGx(GiGyGxGxGyGy)Gy,512,488,"1, 1, 3, 2, 1, 1, 2, 2, 2","1, 1, 3, 2, 1, 1, 2, 2, 2, 0, 0, 0, 0, 0, 0, 0, 0, 0, 0, 0",0.512,0.488
GxGx(GiGyGxGxGyGy)GxGx,523,477,"1, 1, 3, 2, 1, 1, 2, 2, 1, 1","1, 1, 3, 2, 1, 1, 2, 2, 1, 1, 0, 0, 0, 0, 0, 0, 0, 0, 0, 0",0.523,0.477
Gy(GiGyGxGxGyGy),506,494,"2, 3, 2, 1, 1, 2, 2","2, 3, 2, 1, 1, 2, 2, 0, 0, 0, 0, 0, 0, 0, 0, 0, 0, 0, 0, 0",0.506,0.494
Gy(GiGyGxGxGyGy)Gy,516,484,"2, 3, 2, 1, 1, 2, 2, 2","2, 3, 2, 1, 1, 2, 2, 2, 0, 0, 0, 0, 0, 0, 0, 0, 0, 0, 0, 0",0.516,0.484
Gy(GiGyGxGxGyGy)GxGx,1000,0,"2, 3, 2, 1, 1, 2, 2, 1, 1","2, 3, 2, 1, 1, 2, 2, 1, 1, 0, 0, 0, 0, 0, 0, 0, 0, 0, 0, 0",1.0,0.0
(GiGyGyGyGxGx),511,489,"3, 2, 2, 2, 1, 1","3, 2, 2, 2, 1, 1, 0, 0, 0, 0, 0, 0, 0, 0, 0, 0, 0, 0, 0, 0",0.511,0.489
(GiGyGyGyGxGx)Gy,1000,0,"3, 2, 2, 2, 1, 1, 2","3, 2, 2, 2, 1, 1, 2, 0, 0, 0, 0, 0, 0, 0, 0, 0, 0, 0, 0, 0",1.0,0.0
(GiGyGyGyGxGx)GxGx,507,493,"3, 2, 2, 2, 1, 1, 1, 1","3, 2, 2, 2, 1, 1, 1, 1, 0, 0, 0, 0, 0, 0, 0, 0, 0, 0, 0, 0",0.507,0.493
GyGy(GiGyGyGyGxGx),482,518,"2, 2, 3, 2, 2, 2, 1, 1","2, 2, 3, 2, 2, 2, 1, 1, 0, 0, 0, 0, 0, 0, 0, 0, 0, 0, 0, 0",0.482,0.518
GyGy(GiGyGyGyGxGx)Gy,0,1000,"2, 2, 3, 2, 2, 2, 1, 1, 2","2, 2, 3, 2, 2, 2, 1, 1, 2, 0, 0, 0, 0, 0, 0, 0, 0, 0, 0, 0",0.0,1.0
GyGy(GiGyGyGyGxGx)GxGx,481,519,"2, 2, 3, 2, 2, 2, 1, 1, 1, 1","2, 2, 3, 2, 2, 2, 1, 1, 1, 1, 0, 0, 0, 0, 0, 0, 0, 0, 0, 0",0.481,0.519
GxGx(GiGyGyGyGxGx),0,1000,"1, 1, 3, 2, 2, 2, 1, 1","1, 1, 3, 2, 2, 2, 1, 1, 0, 0, 0, 0, 0, 0, 0, 0, 0, 0, 0, 0",0.0,1.0
GxGx(GiGyGyGyGxGx)Gy,494,506,"1, 1, 3, 2, 2, 2, 1, 1, 2","1, 1, 3, 2, 2, 2, 1, 1, 2, 0, 0, 0, 0, 0, 0, 0, 0, 0, 0, 0",0.494,0.506
GxGx(GiGyGyGyGxGx)GxGx,492,508,"1, 1, 3, 2, 2, 2, 1, 1, 1, 1","1, 1, 3, 2, 2, 2, 1, 1, 1, 1, 0, 0, 0, 0, 0, 0, 0, 0, 0, 0",0.492,0.508
Gy(GiGyGyGyGxGx),491,509,"2, 3, 2, 2, 2, 1, 1","2, 3, 2, 2, 2, 1, 1, 0, 0, 0, 0, 0, 0, 0, 0, 0, 0, 0, 0, 0",0.491,0.509
Gy(GiGyGyGyGxGx)Gy,493,507,"2, 3, 2, 2, 2, 1, 1, 2","2, 3, 2, 2, 2, 1, 1, 2, 0, 0, 0, 0, 0, 0, 0, 0, 0, 0, 0, 0",0.493,0.507
Gy(GiGyGyGyGxGx)GxGx,0,1000,"2, 3, 2, 2, 2, 1, 1, 1, 1","2, 3, 2, 2, 2, 1, 1, 1, 1, 0, 0, 0, 0, 0, 0, 0, 0, 0, 0, 0",0.0,1.0
(GxGxGyGxGyGy),852,148,"1, 1, 2, 1, 2, 2","1, 1, 2, 1, 2, 2, 0, 0, 0, 0, 0, 0, 0, 0, 0, 0, 0, 0, 0, 0",0.852,0.148
(GxGxGyGxGyGy)Gy,508,492,"1, 1, 2, 1, 2, 2, 2","1, 1, 2, 1, 2, 2, 2, 0, 0, 0, 0, 0, 0, 0, 0, 0, 0, 0, 0, 0",0.508,0.492
(GxGxGyGxGyGy)GxGx,147,853,"1, 1, 2, 1, 2, 2, 1, 1","1, 1, 2, 1, 2, 2, 1, 1, 0, 0, 0, 0, 0, 0, 0, 0, 0, 0, 0, 0",0.147,0.853
GyGy(GxGxGyGxGyGy),155,845,"2, 2, 1, 1, 2, 1, 2, 2","2, 2, 1, 1, 2, 1, 2, 2, 0, 0, 0, 0, 0, 0, 0, 0, 0, 0, 0, 0",0.155,0.845
GyGy(GxGxGyGxGyGy)Gy,501,499,"2, 2, 1, 1, 2, 1, 2, 2, 2","2, 2, 1, 1, 2, 1, 2, 2, 2, 0, 0, 0, 0, 0, 0, 0, 0, 0, 0, 0",0.501,0.499
GyGy(GxGxGyGxGyGy)GxGx,861,139,"2, 2, 1, 1, 2, 1, 2, 2, 1, 1","2, 2, 1, 1, 2, 1, 2, 2, 1, 1, 0, 0, 0, 0, 0, 0, 0, 0, 0, 0",0.861,0.139
GxGx(GxGxGyGxGyGy),518,482,"1, 1, 1, 1, 2, 1, 2, 2","1, 1, 1, 1, 2, 1, 2, 2, 0, 0, 0, 0, 0, 0, 0, 0, 0, 0, 0, 0",0.518,0.482
GxGx(GxGxGyGxGyGy)Gy,0,1000,"1, 1, 1, 1, 2, 1, 2, 2, 2","1, 1, 1, 1, 2, 1, 2, 2, 2, 0, 0, 0, 0, 0, 0, 0, 0, 0, 0, 0",0.0,1.0
GxGx(GxGxGyGxGyGy)GxGx,505,495,"1, 1, 1, 1, 2, 1, 2, 2, 1, 1","1, 1, 1, 1, 2, 1, 2, 2, 1, 1, 0, 0, 0, 0, 0, 0, 0, 0, 0, 0",0.505,0.495
Gy(GxGxGyGxGyGy),862,138,"2, 1, 1, 2, 1, 2, 2","2, 1, 1, 2, 1, 2, 2, 0, 0, 0, 0, 0, 0, 0, 0, 0, 0, 0, 0, 0",0.862,0.138
Gy(GxGxGyGxGyGy)Gy,497,503,"2, 1, 1, 2, 1, 2, 2, 2","2, 1, 1, 2, 1, 2, 2, 2, 0, 0, 0, 0, 0, 0, 0, 0, 0, 0, 0, 0",0.497,0.503
Gy(GxGxGyGxGyGy)GxGx,869,131,"2, 1, 1, 2, 1, 2, 2, 1, 1","2, 1, 1, 2, 1, 2, 2, 1, 1, 0, 0, 0, 0, 0, 0, 0, 0, 0, 0, 0",0.869,0.131
(GiGxGyGyGyGx),233,767,"3, 1, 2, 2, 2, 1","3, 1, 2, 2, 2, 1, 0, 0, 0, 0, 0, 0, 0, 0, 0, 0, 0, 0, 0, 0",0.233,0.767
(GiGxGyGyGyGx)Gy,852,148,"3, 1, 2, 2, 2, 1, 2","3, 1, 2, 2, 2, 1, 2, 0, 0, 0, 0, 0, 0, 0, 0, 0, 0, 0, 0, 0",0.852,0.148
(GiGxGyGyGyGx)GxGx,250,750,"3, 1, 2, 2, 2, 1, 1, 1","3, 1, 2, 2, 2, 1, 1, 1, 0, 0, 0, 0, 0, 0, 0, 0, 0, 0, 0, 0",0.25,0.75
GyGy(GiGxGyGyGyGx),736,264,"2, 2, 3, 1, 2, 2, 2, 1","2, 2, 3, 1, 2, 2, 2, 1, 0, 0, 0, 0, 0, 0, 0, 0, 0, 0, 0, 0",0.736,0.264
GyGy(GiGxGyGyGyGx)Gy,138,862,"2, 2, 3, 1, 2, 2, 2, 1, 2","2, 2, 3, 1, 2, 2, 2, 1, 2, 0, 0, 0, 0, 0, 0, 0, 0, 0, 0, 0",0.138,0.862
GyGy(GiGxGyGyGyGx)GxGx,761,239,"2, 2, 3, 1, 2, 2, 2, 1, 1, 1","2, 2, 3, 1, 2, 2, 2, 1, 1, 1, 0, 0, 0, 0, 0, 0, 0, 0, 0, 0",0.761,0.239
GxGx(GiGxGyGyGyGx),241,759,"1, 1, 3, 1, 2, 2, 2, 1","1, 1, 3, 1, 2, 2, 2, 1, 0, 0, 0, 0, 0, 0, 0, 0, 0, 0, 0, 0",0.241,0.759
GxGx(GiGxGyGyGyGx)Gy,153,847,"1, 1, 3, 1, 2, 2, 2, 1, 2","1, 1, 3, 1, 2, 2, 2, 1, 2, 0, 0, 0, 0, 0, 0, 0, 0, 0, 0, 0",0.153,0.847
GxGx(GiGxGyGyGyGx)GxGx,239,761,"1, 1, 3, 1, 2, 2, 2, 1, 1, 1","1, 1, 3, 1, 2, 2, 2, 1, 1, 1, 0, 0, 0, 0, 0, 0, 0, 0, 0, 0",0.239,0.761
Gy(GiGxGyGyGyGx),861,139,"2, 3, 1, 2, 2, 2, 1","2, 3, 1, 2, 2, 2, 1, 0, 0, 0, 0, 0, 0, 0, 0, 0, 0, 0, 0, 0",0.861,0.139
Gy(GiGxGyGyGyGx)Gy,485,515,"2, 3, 1, 2, 2, 2, 1, 2","2, 3, 1, 2, 2, 2, 1, 2, 0, 0, 0, 0, 0, 0, 0, 0, 0, 0, 0, 0",0.485,0.515
Gy(GiGxGyGyGyGx)GxGx,151,849,"2, 3, 1, 2, 2, 2, 1, 1, 1","2, 3, 1, 2, 2, 2, 1, 1, 1, 0, 0, 0, 0, 0, 0, 0, 0, 0, 0, 0",0.151,0.849
(Gi)^16,1000,0,"3, 3, 3, 3, 3, 3, 3, 3, 3, 3, 3, 3, 3, 3, 3, 3","3, 3, 3, 3, 3, 3, 3, 3, 3, 3, 3, 3, 3, 3, 3, 3, 0, 0, 0, 0",1.0,0.0
(Gi)^16Gy,512,488,"3, 3, 3, 3, 3, 3, 3, 3, 3, 3, 3, 3, 3, 3, 3, 3, 2","3, 3, 3, 3, 3, 3, 3, 3, 3, 3, 3, 3, 3, 3, 3, 3, 2, 0, 0, 0",0.512,0.488
(Gi)^16GxGx,475,525,"3, 3, 3, 3, 3, 3, 3, 3, 3, 3, 3, 3, 3, 3, 3, 3, 1, 1","3, 3, 3, 3, 3, 3, 3, 3, 3, 3, 3, 3, 3, 3, 3, 3, 1, 1, 0, 0",0.475,0.525
GyGy(Gi)^16,0,1000,"2, 2, 3, 3, 3, 3, 3, 3, 3, 3, 3, 3, 3, 3, 3, 3, 3, 3","2, 2, 3, 3, 3, 3, 3, 3, 3, 3, 3, 3, 3, 3, 3, 3, 3, 3, 0, 0",0.0,1.0
GyGy(Gi)^16Gy,507,493,"2, 2, 3, 3, 3, 3, 3, 3, 3, 3, 3, 3, 3, 3, 3, 3, 3, 3, 2","2, 2, 3, 3, 3, 3, 3, 3, 3, 3, 3, 3, 3, 3, 3, 3, 3, 3, 2, 0",0.507,0.493
GyGy(Gi)^16GxGx,487,513,"2, 2, 3, 3, 3, 3, 3, 3, 3, 3, 3, 3, 3, 3, 3, 3, 3, 3, 1, 1","2, 2, 3, 3, 3, 3, 3, 3, 3, 3, 3, 3, 3, 3, 3, 3, 3, 3, 1, 1",0.487,0.513
GxGx(Gi)^16,485,515,"1, 1, 3, 3, 3, 3, 3, 3, 3, 3, 3, 3, 3, 3, 3, 3, 3, 3","1, 1, 3, 3, 3, 3, 3, 3, 3, 3, 3, 3, 3, 3, 3, 3, 3, 3, 0, 0",0.485,0.515
GxGx(Gi)^16Gy,492,508,"1, 1, 3, 3, 3, 3, 3, 3, 3, 3, 3, 3, 3, 3, 3, 3, 3, 3, 2","1, 1, 3, 3, 3, 3, 3, 3, 3, 3, 3, 3, 3, 3, 3, 3, 3, 3, 2, 0",0.492,0.508
GxGx(Gi)^16GxGx,0,1000,"1, 1, 3, 3, 3, 3, 3, 3, 3, 3, 3, 3, 3, 3, 3, 3, 3, 3, 1, 1","1, 1, 3, 3, 3, 3, 3, 3, 3, 3, 3, 3, 3, 3, 3, 3, 3, 3, 1, 1",0.0,1.0
Gy(Gi)^16,526,474,"2, 3, 3, 3, 3, 3, 3, 3, 3, 3, 3, 3, 3, 3, 3, 3, 3","2, 3, 3, 3, 3, 3, 3, 3, 3, 3, 3, 3, 3, 3, 3, 3, 3, 0, 0, 0",0.526,0.474
Gy(Gi)^16Gy,0,1000,"2, 3, 3, 3, 3, 3, 3, 3, 3, 3, 3, 3, 3, 3, 3, 3, 3, 2","2, 3, 3, 3, 3, 3, 3, 3, 3, 3, 3, 3, 3, 3, 3, 3, 3, 2, 0, 0",0.0,1.0
Gy(Gi)^16GxGx,484,516,"2, 3, 3, 3, 3, 3, 3, 3, 3, 3, 3, 3, 3, 3, 3, 3, 3, 1, 1","2, 3, 3, 3, 3, 3, 3, 3, 3, 3, 3, 3, 3, 3, 3, 3, 3, 1, 1, 0",0.484,0.516
(Gx)^16,1000,0,"1, 1, 1, 1, 1, 1, 1, 1, 1, 1, 1, 1, 1, 1, 1, 1","1, 1, 1, 1, 1, 1, 1, 1, 1, 1, 1, 1, 1, 1, 1, 1, 0, 0, 0, 0",1.0,0.0
(Gx)^16Gy,486,514,"1, 1, 1, 1, 1, 1, 1, 1, 1, 1, 1, 1, 1, 1, 1, 1, 2","1, 1, 1, 1, 1, 1, 1, 1, 1, 1, 1, 1, 1, 1, 1, 1, 2, 0, 0, 0",0.486,0.514
(Gx)^16GxGx,499,501,"1, 1, 1, 1, 1, 1, 1, 1, 1, 1, 1, 1, 1, 1, 1, 1, 1, 1","1, 1, 1, 1, 1, 1, 1, 1, 1, 1, 1, 1, 1, 1, 1, 1, 1, 1, 0, 0",0.499,0.501
GyGy(Gx)^16,0,1000,"2, 2, 1, 1, 1, 1, 1, 1, 1, 1, 1, 1, 1, 1, 1, 1, 1, 1","2, 2, 1, 1, 1, 1, 1, 1, 1, 1, 1, 1, 1, 1, 1, 1, 1, 1, 0, 0",0.0,1.0
GyGy(Gx)^16Gy,520,480,"2, 2, 1, 1, 1, 1, 1, 1, 1, 1, 1, 1, 1, 1, 1, 1, 1, 1, 2","2, 2, 1, 1, 1, 1, 1, 1, 1, 1, 1, 1, 1, 1, 1, 1, 1, 1, 2, 0",0.52,0.48
GyGy(Gx)^16GxGx,520,480,"2, 2, 1, 1, 1, 1, 1, 1, 1, 1, 1, 1, 1, 1, 1, 1, 1, 1, 1, 1","2, 2, 1, 1, 1, 1, 1, 1, 1, 1, 1, 1, 1, 1, 1, 1, 1, 1, 1, 1",0.52,0.48
GxGx(Gx)^16Gy,482,518,"1, 1, 1, 1, 1, 1, 1, 1, 1, 1, 1, 1, 1, 1, 1, 1, 1, 1, 2","1, 1, 1, 1, 1, 1, 1, 1, 1, 1, 1, 1, 1, 1, 1, 1, 1, 1, 2, 0",0.482,0.518
GxGx(Gx)^16GxGx,0,1000,"1, 1, 1, 1, 1, 1, 1, 1, 1, 1, 1, 1, 1, 1, 1, 1, 1, 1, 1, 1","1, 1, 1, 1, 1, 1, 1, 1, 1, 1, 1, 1, 1, 1, 1, 1, 1, 1, 1, 1",0.0,1.0
Gy(Gx)^16,514,486,"2, 1, 1, 1, 1, 1, 1, 1, 1, 1, 1, 1, 1, 1, 1, 1, 1","2, 1, 1, 1, 1, 1, 1, 1, 1, 1, 1, 1, 1, 1, 1, 1, 1, 0, 0, 0",0.514,0.486
Gy(Gx)^16Gy,0,1000,"2, 1, 1, 1, 1, 1, 1, 1, 1, 1, 1, 1, 1, 1, 1, 1, 1, 2","2, 1, 1, 1, 1, 1, 1, 1, 1, 1, 1, 1, 1, 1, 1, 1, 1, 2, 0, 0",0.0,1.0
Gy(Gx)^16GxGx,505,495,"2, 1, 1, 1, 1, 1, 1, 1, 1, 1, 1, 1, 1, 1, 1, 1, 1, 1, 1","2, 1, 1, 1, 1, 1, 1, 1, 1, 1, 1, 1, 1, 1, 1, 1, 1, 1, 1, 0",0.505,0.495
(Gy)^16,1000,0,"2, 2, 2, 2, 2, 2, 2, 2, 2, 2, 2, 2, 2, 2, 2, 2","2, 2, 2, 2, 2, 2, 2, 2, 2, 2, 2, 2, 2, 2, 2, 2, 0, 0, 0, 0",1.0,0.0
(Gy)^16Gy,512,488,"2, 2, 2, 2, 2, 2, 2, 2, 2, 2, 2, 2, 2, 2, 2, 2, 2","2, 2, 2, 2, 2, 2, 2, 2, 2, 2, 2, 2, 2, 2, 2, 2, 2, 0, 0, 0",0.512,0.488
(Gy)^16GxGx,514,486,"2, 2, 2, 2, 2, 2, 2, 2, 2, 2, 2, 2, 2, 2, 2, 2, 1, 1","2, 2, 2, 2, 2, 2, 2, 2, 2, 2, 2, 2, 2, 2, 2, 2, 1, 1, 0, 0",0.514,0.486
GyGy(Gy)^16,0,1000,"2, 2, 2, 2, 2, 2, 2, 2, 2, 2, 2, 2, 2, 2, 2, 2, 2, 2","2, 2, 2, 2, 2, 2, 2, 2, 2, 2, 2, 2, 2, 2, 2, 2, 2, 2, 0, 0",0.0,1.0
GyGy(Gy)^16Gy,517,483,"2, 2, 2, 2, 2, 2, 2, 2, 2, 2, 2, 2, 2, 2, 2, 2, 2, 2, 2","2, 2, 2, 2, 2, 2, 2, 2, 2, 2, 2, 2, 2, 2, 2, 2, 2, 2, 2, 0",0.517,0.483
GyGy(Gy)^16GxGx,498,502,"2, 2, 2, 2, 2, 2, 2, 2, 2, 2, 2, 2, 2, 2, 2, 2, 2, 2, 1, 1","2, 2, 2, 2, 2, 2, 2, 2, 2, 2, 2, 2, 2, 2, 2, 2, 2, 2, 1, 1",0.498,0.502
GxGx(Gy)^16,508,492,"1, 1, 2, 2, 2, 2, 2, 2, 2, 2, 2, 2, 2, 2, 2, 2, 2, 2","1, 1, 2, 2, 2, 2, 2, 2, 2, 2, 2, 2, 2, 2, 2, 2, 2, 2, 0, 0",0.508,0.492
GxGx(Gy)^16Gy,517,483,"1, 1, 2, 2, 2, 2, 2, 2, 2, 2, 2, 2, 2, 2, 2, 2, 2, 2, 2","1, 1, 2, 2, 2, 2, 2, 2, 2, 2, 2, 2, 2, 2, 2, 2, 2, 2, 2, 0",0.517,0.483
GxGx(Gy)^16GxGx,0,1000,"1, 1, 2, 2, 2, 2, 2, 2, 2, 2, 2, 2, 2, 2, 2, 2, 2, 2, 1, 1","1, 1, 2, 2, 2, 2, 2, 2, 2, 2, 2, 2, 2, 2, 2, 2, 2, 2, 1, 1",0.0,1.0
Gy(Gy)^16GxGx,490,510,"2, 2, 2, 2, 2, 2, 2, 2, 2, 2, 2, 2, 2, 2, 2, 2, 2, 1, 1","2, 2, 2, 2, 2, 2, 2, 2, 2, 2, 2, 2, 2, 2, 2, 2, 2, 1, 1, 0",0.49,0.51
(GxGxGy)^5,493,507,"1, 1, 2, 1, 1, 2, 1, 1, 2, 1, 1, 2, 1, 1, 2","1, 1, 2, 1, 1, 2, 1, 1, 2, 1, 1, 2, 1, 1, 2, 0, 0, 0, 0, 0",0.493,0.507
(GxGxGy)^5Gy,1000,0,"1, 1, 2, 1, 1, 2, 1, 1, 2, 1, 1, 2, 1, 1, 2, 2","1, 1, 2, 1, 1, 2, 1, 1, 2, 1, 1, 2, 1, 1, 2, 2, 0, 0, 0, 0",1.0,0.0
(GxGxGy)^5GxGx,509,491,"1, 1, 2, 1, 1, 2, 1, 1, 2, 1, 1, 2, 1, 1, 2, 1, 1","1, 1, 2, 1, 1, 2, 1, 1, 2, 1, 1, 2, 1, 1, 2, 1, 1, 0, 0, 0",0.509,0.491
GyGy(GxGxGy)^5,490,510,"2, 2, 1, 1, 2, 1, 1, 2, 1, 1, 2, 1, 1, 2, 1, 1, 2","2, 2, 1, 1, 2, 1, 1, 2, 1, 1, 2, 1, 1, 2, 1, 1, 2, 0, 0, 0",0.49,0.51
GyGy(GxGxGy)^5Gy,0,1000,"2, 2, 1, 1, 2, 1, 1, 2, 1, 1, 2, 1, 1, 2, 1, 1, 2, 2","2, 2, 1, 1, 2, 1, 1, 2, 1, 1, 2, 1, 1, 2, 1, 1, 2, 2, 0, 0",0.0,1.0
GyGy(GxGxGy)^5GxGx,486,514,"2, 2, 1, 1, 2, 1, 1, 2, 1, 1, 2, 1, 1, 2, 1, 1, 2, 1, 1","2, 2, 1, 1, 2, 1, 1, 2, 1, 1, 2, 1, 1, 2, 1, 1, 2, 1, 1, 0",0.486,0.514
GxGx(GxGxGy)^5,1000,0,"1, 1, 1, 1, 2, 1, 1, 2, 1, 1, 2, 1, 1, 2, 1, 1, 2","1, 1, 1, 1, 2, 1, 1, 2, 1, 1, 2, 1, 1, 2, 1, 1, 2, 0, 0, 0",1.0,0.0
GxGx(GxGxGy)^5Gy,484,516,"1, 1, 1, 1, 2, 1, 1, 2, 1, 1, 2, 1, 1, 2, 1, 1, 2, 2","1, 1, 1, 1, 2, 1, 1, 2, 1, 1, 2, 1, 1, 2, 1, 1, 2, 2, 0, 0",0.484,0.516
GxGx(GxGxGy)^5GxGx,506,494,"1, 1, 1, 1, 2, 1, 1, 2, 1, 1, 2, 1, 1, 2, 1, 1, 2, 1, 1","1, 1, 1, 1, 2, 1, 1, 2, 1, 1, 2, 1, 1, 2, 1, 1, 2, 1, 1, 0",0.506,0.494
Gy(GxGxGy)^5,514,486,"2, 1, 1, 2, 1, 1, 2, 1, 1, 2, 1, 1, 2, 1, 1, 2","2, 1, 1, 2, 1, 1, 2, 1, 1, 2, 1, 1, 2, 1, 1, 2, 0, 0, 0, 0",0.514,0.486
Gy(GxGxGy)^5Gy,509,491,"2, 1, 1, 2, 1, 1, 2, 1, 1, 2, 1, 1, 2, 1, 1, 2, 2","2, 1, 1, 2, 1, 1, 2, 1, 1, 2, 1, 1, 2, 1, 1, 2, 2, 0, 0, 0",0.509,0.491
Gy(GxGxGy)^5GxGx,1000,0,"2, 1, 1, 2, 1, 1, 2, 1, 1, 2, 1, 1, 2, 1, 1, 2, 1, 1","2, 1, 1, 2, 1, 1, 2, 1, 1, 2, 1, 1, 2, 1, 1, 2, 1, 1, 0, 0",1.0,0.0
(GiGxGx)^5,500,500,"3, 1, 1, 3, 1, 1, 3, 1, 1, 3, 1, 1, 3, 1, 1","3, 1, 1, 3, 1, 1, 3, 1, 1, 3, 1, 1, 3, 1, 1, 0, 0, 0, 0, 0",0.5,0.5
(GiGxGx)^5Gy,489,511,"3, 1, 1, 3, 1, 1, 3, 1, 1, 3, 1, 1, 3, 1, 1, 2","3, 1, 1, 3, 1, 1, 3, 1, 1, 3, 1, 1, 3, 1, 1, 2, 0, 0, 0, 0",0.489,0.511
(GiGxGx)^5GxGx,0,1000,"3, 1, 1, 3, 1, 1, 3, 1, 1, 3, 1, 1, 3, 1, 1, 1, 1","3, 1, 1, 3, 1, 1, 3, 1, 1, 3, 1, 1, 3, 1, 1, 1, 1, 0, 0, 0",0.0,1.0
GyGy(GiGxGx)^5,524,476,"2, 2, 3, 1, 1, 3, 1, 1, 3, 1, 1, 3, 1, 1, 3, 1, 1","2, 2, 3, 1, 1, 3, 1, 1, 3, 1, 1, 3, 1, 1, 3, 1, 1, 0, 0, 0",0.524,0.476
GyGy(GiGxGx)^5Gy,505,495,"2, 2, 3, 1, 1, 3, 1, 1, 3, 1, 1, 3, 1, 1, 3, 1, 1, 2","2, 2, 3, 1, 1, 3, 1, 1, 3, 1, 1, 3, 1, 1, 3, 1, 1, 2, 0, 0",0.505,0.495
GyGy(GiGxGx)^5GxGx,1000,0,"2, 2, 3, 1, 1, 3, 1, 1, 3, 1, 1, 3, 1, 1, 3, 1, 1, 1, 1","2, 2, 3, 1, 1, 3, 1, 1, 3, 1, 1, 3, 1, 1, 3, 1, 1, 1, 1, 0",1.0,0.0
GxGx(GiGxGx)^5,0,1000,"1, 1, 3, 1, 1, 3, 1, 1, 3, 1, 1, 3, 1, 1, 3, 1, 1","1, 1, 3, 1, 1, 3, 1, 1, 3, 1, 1, 3, 1, 1, 3, 1, 1, 0, 0, 0",0.0,1.0
GxGx(GiGxGx)^5Gy,496,504,"1, 1, 3, 1, 1, 3, 1, 1, 3, 1, 1, 3, 1, 1, 3, 1, 1, 2","1, 1, 3, 1, 1, 3, 1, 1, 3, 1, 1, 3, 1, 1, 3, 1, 1, 2, 0, 0",0.496,0.504
GxGx(GiGxGx)^5GxGx,511,489,"1, 1, 3, 1, 1, 3, 1, 1, 3, 1, 1, 3, 1, 1, 3, 1, 1, 1, 1","1, 1, 3, 1, 1, 3, 1, 1, 3, 1, 1, 3, 1, 1, 3, 1, 1, 1, 1, 0",0.511,0.489
Gy(GiGxGx)^5,506,494,"2, 3, 1, 1, 3, 1, 1, 3, 1, 1, 3, 1, 1, 3, 1, 1","2, 3, 1, 1, 3, 1, 1, 3, 1, 1, 3, 1, 1, 3, 1, 1, 0, 0, 0, 0",0.506,0.494
Gy(GiGxGx)^5Gy,0,1000,"2, 3, 1, 1, 3, 1, 1, 3, 1, 1, 3, 1, 1, 3, 1, 1, 2","2, 3, 1, 1, 3, 1, 1, 3, 1, 1, 3, 1, 1, 3, 1, 1, 2, 0, 0, 0",0.0,1.0
Gy(GiGxGx)^5GxGx,497,503,"2, 3, 1, 1, 3, 1, 1, 3, 1, 1, 3, 1, 1, 3, 1, 1, 1, 1","2, 3, 1, 1, 3, 1, 1, 3, 1, 1, 3, 1, 1, 3, 1, 1, 1, 1, 0, 0",0.497,0.503
(GiGyGx)^5,266,734,"3, 2, 1, 3, 2, 1, 3, 2, 1, 3, 2, 1, 3, 2, 1","3, 2, 1, 3, 2, 1, 3, 2, 1, 3, 2, 1, 3, 2, 1, 0, 0, 0, 0, 0",0.266,0.734
(GiGyGx)^5Gy,86,914,"3, 2, 1, 3, 2, 1, 3, 2, 1, 3, 2, 1, 3, 2, 1, 2","3, 2, 1, 3, 2, 1, 3, 2, 1, 3, 2, 1, 3, 2, 1, 2, 0, 0, 0, 0",0.086,0.914
(GiGyGx)^5GxGx,603,397,"3, 2, 1, 3, 2, 1, 3, 2, 1, 3, 2, 1, 3, 2, 1, 1, 1","3, 2, 1, 3, 2, 1, 3, 2, 1, 3, 2, 1, 3, 2, 1, 1, 1, 0, 0, 0",0.603,0.397
GyGy(GiGyGx)^5,732,268,"2, 2, 3, 2, 1, 3, 2, 1, 3, 2, 1, 3, 2, 1, 3, 2, 1","2, 2, 3, 2, 1, 3, 2, 1, 3, 2, 1, 3, 2, 1, 3, 2, 1, 0, 0, 0",0.732,0.268
GyGy(GiGyGx)^5Gy,921,79,"2, 2, 3, 2, 1, 3, 2, 1, 3, 2, 1, 3, 2, 1, 3, 2, 1, 2","2, 2, 3, 2, 1, 3, 2, 1, 3, 2, 1, 3, 2, 1, 3, 2, 1, 2, 0, 0",0.921,0.079
GyGy(GiGyGx)^5GxGx,391,609,"2, 2, 3, 2, 1, 3, 2, 1, 3, 2, 1, 3, 2, 1, 3, 2, 1, 1, 1","2, 2, 3, 2, 1, 3, 2, 1, 3, 2, 1, 3, 2, 1, 3, 2, 1, 1, 1, 0",0.391,0.609
GxGx(GiGyGx)^5,99,901,"1, 1, 3, 2, 1, 3, 2, 1, 3, 2, 1, 3, 2, 1, 3, 2, 1","1, 1, 3, 2, 1, 3, 2, 1, 3, 2, 1, 3, 2, 1, 3, 2, 1, 0, 0, 0",0.099,0.901
GxGx(GiGyGx)^5Gy,603,397,"1, 1, 3, 2, 1, 3, 2, 1, 3, 2, 1, 3, 2, 1, 3, 2, 1, 2","1, 1, 3, 2, 1, 3, 2, 1, 3, 2, 1, 3, 2, 1, 3, 2, 1, 2, 0, 0",0.603,0.397
GxGx(GiGyGx)^5GxGx,217,783,"1, 1, 3, 2, 1, 3, 2, 1, 3, 2, 1, 3, 2, 1, 3, 2, 1, 1, 1","1, 1, 3, 2, 1, 3, 2, 1, 3, 2, 1, 3, 2, 1, 3, 2, 1, 1, 1, 0",0.217,0.783
Gy(GiGyGx)^5,290,710,"2, 3, 2, 1, 3, 2, 1, 3, 2, 1, 3, 2, 1, 3, 2, 1","2, 3, 2, 1, 3, 2, 1, 3, 2, 1, 3, 2, 1, 3, 2, 1, 0, 0, 0, 0",0.29,0.71
Gy(GiGyGx)^5Gy,726,274,"2, 3, 2, 1, 3, 2, 1, 3, 2, 1, 3, 2, 1, 3, 2, 1, 2","2, 3, 2, 1, 3, 2, 1, 3, 2, 1, 3, 2, 1, 3, 2, 1, 2, 0, 0, 0",0.726,0.274
Gy(GiGyGx)^5GxGx,902,98,"2, 3, 2, 1, 3, 2, 1, 3, 2, 1, 3, 2, 1, 3, 2, 1, 1, 1","2, 3, 2, 1, 3, 2, 1, 3, 2, 1, 3, 2, 1, 3, 2, 1, 1, 1, 0, 0",0.902,0.098
(GiGyGxGxGyGy)^2,520,480,"3, 2, 1, 1, 2, 2, 3, 2, 1, 1, 2, 2","3, 2, 1, 1, 2, 2, 3, 2, 1, 1, 2, 2, 0, 0, 0, 0, 0, 0, 0, 0",0.52,0.48
(GiGyGxGxGyGy)^2Gy,480,520,"3, 2, 1, 1, 2, 2, 3, 2, 1, 1, 2, 2, 2","3, 2, 1, 1, 2, 2, 3, 2, 1, 1, 2, 2, 2, 0, 0, 0, 0, 0, 0, 0",0.48,0.52
(GiGyGxGxGyGy)^2GxGx,0,1000,"3, 2, 1, 1, 2, 2, 3, 2, 1, 1, 2, 2, 1, 1","3, 2, 1, 1, 2, 2, 3, 2, 1, 1, 2, 2, 1, 1, 0, 0, 0, 0, 0, 0",0.0,1.0
GyGy(GiGyGxGxGyGy)^2,501,499,"2, 2, 3, 2, 1, 1, 2, 2, 3, 2, 1, 1, 2, 2","2, 2, 3, 2, 1, 1, 2, 2, 3, 2, 1, 1, 2, 2, 0, 0, 0, 0, 0, 0",0.501,0.499
GyGy(GiGyGxGxGyGy)^2Gy,514,486,"2, 2, 3, 2, 1, 1, 2, 2, 3, 2, 1, 1, 2, 2, 2","2, 2, 3, 2, 1, 1, 2, 2, 3, 2, 1, 1, 2, 2, 2, 0, 0, 0, 0, 0",0.514,0.486
GyGy(GiGyGxGxGyGy)^2GxGx,1000,0,"2, 2, 3, 2, 1, 1, 2, 2, 3, 2, 1, 1, 2, 2, 1, 1","2, 2, 3, 2, 1, 1, 2, 2, 3, 2, 1, 1, 2, 2, 1, 1, 0, 0, 0, 0",1.0,0.0
GxGx(GiGyGxGxGyGy)^2,514,486,"1, 1, 3, 2, 1, 1, 2, 2, 3, 2, 1, 1, 2, 2","1, 1, 3, 2, 1, 1, 2, 2, 3, 2, 1, 1, 2, 2, 0, 0, 0, 0, 0, 0",0.514,0.486
GxGx(GiGyGxGxGyGy)^2Gy,1000,0,"1, 1, 3, 2, 1, 1, 2, 2, 3, 2, 1, 1, 2, 2, 2","1, 1, 3, 2, 1, 1, 2, 2, 3, 2, 1, 1, 2, 2, 2, 0, 0, 0, 0, 0",1.0,0.0
GxGx(GiGyGxGxGyGy)^2GxGx,481,519,"1, 1, 3, 2, 1, 1, 2, 2, 3, 2, 1, 1, 2, 2, 1, 1","1, 1, 3, 2, 1, 1, 2, 2, 3, 2, 1, 1, 2, 2, 1, 1, 0, 0, 0, 0",0.481,0.519
Gy(GiGyGxGxGyGy)^2,0,1000,"2, 3, 2, 1, 1, 2, 2, 3, 2, 1, 1, 2, 2","2, 3, 2, 1, 1, 2, 2, 3, 2, 1, 1, 2, 2, 0, 0, 0, 0, 0, 0, 0",0.0,1.0
Gy(GiGyGxGxGyGy)^2Gy,491,509,"2, 3, 2, 1, 1, 2, 2, 3, 2, 1, 1, 2, 2, 2","2, 3, 2, 1, 1, 2, 2, 3, 2, 1, 1, 2, 2, 2, 0, 0, 0, 0, 0, 0",0.491,0.509
Gy(GiGyGxGxGyGy)^2GxGx,504,496,"2, 3, 2, 1, 1, 2, 2, 3, 2, 1, 1, 2, 2, 1, 1","2, 3, 2, 1, 1, 2, 2, 3, 2, 1, 1, 2, 2, 1, 1, 0, 0, 0, 0, 0",0.504,0.496
(GiGyGyGyGxGx)^2,495,505,"3, 2, 2, 2, 1, 1, 3, 2, 2, 2, 1, 1","3, 2, 2, 2, 1, 1, 3, 2, 2, 2, 1, 1, 0, 0, 0, 0, 0, 0, 0, 0",0.495,0.505
(GiGyGyGyGxGx)^2Gy,515,485,"3, 2, 2, 2, 1, 1, 3, 2, 2, 2, 1, 1, 2","3, 2, 2, 2, 1, 1, 3, 2, 2, 2, 1, 1, 2, 0, 0, 0, 0, 0, 0, 0",0.515,0.485
(GiGyGyGyGxGx)^2GxGx,1000,0,"3, 2, 2, 2, 1, 1, 3, 2, 2, 2, 1, 1, 1, 1","3, 2, 2, 2, 1, 1, 3, 2, 2, 2, 1, 1, 1, 1, 0, 0, 0, 0, 0, 0",1.0,0.0
GyGy(GiGyGyGyGxGx)^2,491,509,"2, 2, 3, 2, 2, 2, 1, 1, 3, 2, 2, 2, 1, 1","2, 2, 3, 2, 2, 2, 1, 1, 3, 2, 2, 2, 1, 1, 0, 0, 0, 0, 0, 0",0.491,0.509
GyGy(GiGyGyGyGxGx)^2Gy,504,496,"2, 2, 3, 2, 2, 2, 1, 1, 3, 2, 2, 2, 1, 1, 2","2, 2, 3, 2, 2, 2, 1, 1, 3, 2, 2, 2, 1, 1, 2, 0, 0, 0, 0, 0",0.504,0.496
GyGy(GiGyGyGyGxGx)^2GxGx,0,1000,"2, 2, 3, 2, 2, 2, 1, 1, 3, 2, 2, 2, 1, 1, 1, 1","2, 2, 3, 2, 2, 2, 1, 1, 3, 2, 2, 2, 1, 1, 1, 1, 0, 0, 0, 0",0.0,1.0
GxGx(GiGyGyGyGxGx)^2,510,490,"1, 1, 3, 2, 2, 2, 1, 1, 3, 2, 2, 2, 1, 1","1, 1, 3, 2, 2, 2, 1, 1, 3, 2, 2, 2, 1, 1, 0, 0, 0, 0, 0, 0",0.51,0.49
GxGx(GiGyGyGyGxGx)^2Gy,0,1000,"1, 1, 3, 2, 2, 2, 1, 1, 3, 2, 2, 2, 1, 1, 2","1, 1, 3, 2, 2, 2, 1, 1, 3, 2, 2, 2, 1, 1, 2, 0, 0, 0, 0, 0",0.0,1.0
GxGx(GiGyGyGyGxGx)^2GxGx,519,481,"1, 1, 3, 2, 2, 2, 1, 1, 3, 2, 2, 2, 1, 1, 1, 1","1, 1, 3, 2, 2, 2, 1, 1, 3, 2, 2, 2, 1, 1, 1, 1, 0, 0, 0, 0",0.519,0.481
Gy(GiGyGyGyGxGx)^2,0,1000,"2, 3, 2, 2, 2, 1, 1, 3, 2, 2, 2, 1, 1","2, 3, 2, 2, 2, 1, 1, 3, 2, 2, 2, 1, 1, 0, 0, 0, 0, 0, 0, 0",0.0,1.0
Gy(GiGyGyGyGxGx)^2Gy,479,521,"2, 3, 2, 2, 2, 1, 1, 3, 2, 2, 2, 1, 1, 2","2, 3, 2, 2, 2, 1, 1, 3, 2, 2, 2, 1, 1, 2, 0, 0, 0, 0, 0, 0",0.479,0.521
Gy(GiGyGyGyGxGx)^2GxGx,511,489,"2, 3, 2, 2, 2, 1, 1, 3, 2, 2, 2, 1, 1, 1, 1","2, 3, 2, 2, 2, 1, 1, 3, 2, 2, 2, 1, 1, 1, 1, 0, 0, 0, 0, 0",0.511,0.489
(GxGxGyGxGyGy)^2,742,258,"1, 1, 2, 1, 2, 2, 1, 1, 2, 1, 2, 2","1, 1, 2, 1, 2, 2, 1, 1, 2, 1, 2, 2, 0, 0, 0, 0, 0, 0, 0, 0",0.742,0.258
(GxGxGyGxGyGy)^2Gy,158,842,"1, 1, 2, 1, 2, 2, 1, 1, 2, 1, 2, 2, 2","1, 1, 2, 1, 2, 2, 1, 1, 2, 1, 2, 2, 2, 0, 0, 0, 0, 0, 0, 0",0.158,0.842
(GxGxGyGxGyGy)^2GxGx,232,768,"1, 1, 2, 1, 2, 2, 1, 1, 2, 1, 2, 2, 1, 1","1, 1, 2, 1, 2, 2, 1, 1, 2, 1, 2, 2, 1, 1, 0, 0, 0, 0, 0, 0",0.232,0.768
GyGy(GxGxGyGxGyGy)^2,263,737,"2, 2, 1, 1, 2, 1, 2, 2, 1, 1, 2, 1, 2, 2","2, 2, 1, 1, 2, 1, 2, 2, 1, 1, 2, 1, 2, 2, 0, 0, 0, 0, 0, 0",0.263,0.737
GyGy(GxGxGyGxGyGy)^2Gy,839,161,"2, 2, 1, 1, 2, 1, 2, 2, 1, 1, 2, 1, 2, 2, 2","2, 2, 1, 1, 2, 1, 2, 2, 1, 1, 2, 1, 2, 2, 2, 0, 0, 0, 0, 0",0.839,0.161
GyGy(GxGxGyGxGyGy)^2GxGx,756,244,"2, 2, 1, 1, 2, 1, 2, 2, 1, 1, 2, 1, 2, 2, 1, 1","2, 2, 1, 1, 2, 1, 2, 2, 1, 1, 2, 1, 2, 2, 1, 1, 0, 0, 0, 0",0.756,0.244
GxGx(GxGxGyGxGyGy)^2,846,154,"1, 1, 1, 1, 2, 1, 2, 2, 1, 1, 2, 1, 2, 2","1, 1, 1, 1, 2, 1, 2, 2, 1, 1, 2, 1, 2, 2, 0, 0, 0, 0, 0, 0",0.846,0.154
GxGx(GxGxGyGxGyGy)^2Gy,481,519,"1, 1, 1, 1, 2, 1, 2, 2, 1, 1, 2, 1, 2, 2, 2","1, 1, 1, 1, 2, 1, 2, 2, 1, 1, 2, 1, 2, 2, 2, 0, 0, 0, 0, 0",0.481,0.519
GxGx(GxGxGyGxGyGy)^2GxGx,858,142,"1, 1, 1, 1, 2, 1, 2, 2, 1, 1, 2, 1, 2, 2, 1, 1","1, 1, 1, 1, 2, 1, 2, 2, 1, 1, 2, 1, 2, 2, 1, 1, 0, 0, 0, 0",0.858,0.142
Gy(GxGxGyGxGyGy)^2,748,252,"2, 1, 1, 2, 1, 2, 2, 1, 1, 2, 1, 2, 2","2, 1, 1, 2, 1, 2, 2, 1, 1, 2, 1, 2, 2, 0, 0, 0, 0, 0, 0, 0",0.748,0.252
Gy(GxGxGyGxGyGy)^2Gy,856,144,"2, 1, 1, 2, 1, 2, 2, 1, 1, 2, 1, 2, 2, 2","2, 1, 1, 2, 1, 2, 2, 1, 1, 2, 1, 2, 2, 2, 0, 0, 0, 0, 0, 0",0.856,0.144
Gy(GxGxGyGxGyGy)^2GxGx,241,759,"2, 1, 1, 2, 1, 2, 2, 1, 1, 2, 1, 2, 2, 1, 1","2, 1, 1, 2, 1, 2, 2, 1, 1, 2, 1, 2, 2, 1, 1, 0, 0, 0, 0, 0",0.241,0.759
(GiGxGyGyGyGx)^2,248,752,"3, 1, 2, 2, 2, 1, 3, 1, 2, 2, 2, 1","3, 1, 2, 2, 2, 1, 3, 1, 2, 2, 2, 1, 0, 0, 0, 0, 0, 0, 0, 0",0.248,0.752
(GiGxGyGyGyGx)^2Gy,130,870,"3, 1, 2, 2, 2, 1, 3, 1, 2, 2, 2, 1, 2","3, 1, 2, 2, 2, 1, 3, 1, 2, 2, 2, 1, 2, 0, 0, 0, 0, 0, 0, 0",0.13,0.87
(GiGxGyGyGyGx)^2GxGx,735,265,"3, 1, 2, 2, 2, 1, 3, 1, 2, 2, 2, 1, 1, 1","3, 1, 2, 2, 2, 1, 3, 1, 2, 2, 2, 1, 1, 1, 0, 0, 0, 0, 0, 0",0.735,0.265
GyGy(GiGxGyGyGyGx)^2,774,226,"2, 2, 3, 1, 2, 2, 2, 1, 3, 1, 2, 2, 2, 1","2, 2, 3, 1, 2, 2, 2, 1, 3, 1, 2, 2, 2, 1, 0, 0, 0, 0, 0, 0",0.774,0.226
GyGy(GiGxGyGyGyGx)^2Gy,855,145,"2, 2, 3, 1, 2, 2, 2, 1, 3, 1, 2, 2, 2, 1, 2","2, 2, 3, 1, 2, 2, 2, 1, 3, 1, 2, 2, 2, 1, 2, 0, 0, 0, 0, 0",0.855,0.145
GyGy(GiGxGyGyGyGx)^2GxGx,247,753,"2, 2, 3, 1, 2, 2, 2, 1, 3, 1, 2, 2, 2, 1, 1, 1","2, 2, 3, 1, 2, 2, 2, 1, 3, 1, 2, 2, 2, 1, 1, 1, 0, 0, 0, 0",0.247,0.753
GxGx(GiGxGyGyGyGx)^2,747,253,"1, 1, 3, 1, 2, 2, 2, 1, 3, 1, 2, 2, 2, 1","1, 1, 3, 1, 2, 2, 2, 1, 3, 1, 2, 2, 2, 1, 0, 0, 0, 0, 0, 0",0.747,0.253
GxGx(GiGxGyGyGyGx)^2Gy,142,858,"1, 1, 3, 1, 2, 2, 2, 1, 3, 1, 2, 2, 2, 1, 2","1, 1, 3, 1, 2, 2, 2, 1, 3, 1, 2, 2, 2, 1, 2, 0, 0, 0, 0, 0",0.142,0.858
GxGx(GiGxGyGyGyGx)^2GxGx,274,726,"1, 1, 3, 1, 2, 2, 2, 1, 3, 1, 2, 2, 2, 1, 1, 1","1, 1, 3, 1, 2, 2, 2, 1, 3, 1, 2, 2, 2, 1, 1, 1, 0, 0, 0, 0",0.274,0.726
Gy(GiGxGyGyGyGx)^2,147,853,"2, 3, 1, 2, 2, 2, 1, 3, 1, 2, 2, 2, 1","2, 3, 1, 2, 2, 2, 1, 3, 1, 2, 2, 2, 1, 0, 0, 0, 0, 0, 0, 0",0.147,0.853
Gy(GiGxGyGyGyGx)^2Gy,470,530,"2, 3, 1, 2, 2, 2, 1, 3, 1, 2, 2, 2, 1, 2","2, 3, 1, 2, 2, 2, 1, 3, 1, 2, 2, 2, 1, 2, 0, 0, 0, 0, 0, 0",0.47,0.53
Gy(GiGxGyGyGyGx)^2GxGx,146,854,"2, 3, 1, 2, 2, 2, 1, 3, 1, 2, 2, 2, 1, 1, 1","2, 3, 1, 2, 2, 2, 1, 3, 1, 2, 2, 2, 1, 1, 1, 0, 0, 0, 0, 0",0.146,0.854
